Date,ARKW,ARKG,ARKQ,ARKK,TSLA,3557.TW,8046.TW,3443.TW
2018/3/19,46.5993,26.50968,34.109646,40.47403,62.712002,21.043049,30.972729,293.182251
2018/3/20,46.76498,26.46719,34.292717,40.550037,62.110001,21.480143,29.82382,289.89856
2018/3/21,46.887058,26.523844,34.21563,40.540535,63.306,21.480143,30.158918,290.836761
2018/3/22,45.48315,26.004509,33.194271,39.390923,61.82,21.4177,29.392979,287.084045
2018/3/23,44.2798,25.475731,32.211449,38.621346,60.307999,20.980606,29.057877,280.98584
2018/3/26,45.831947,25.834545,33.078644,39.438423,60.835999,21.167933,29.297235,295.527679
2018/3/27,43.756603,24.42762,31.835665,37.424229,55.835999,20.918163,29.728075,296.465851
2018/3/28,42.527092,24.210442,31.016647,36.474133,51.556,20.668394,28.244066,280.516785
2018/3/29,43.495007,24.31431,31.662228,37.120193,53.226002,20.730837,28.244066,252.840363
2018/4/2,42.213177,23.473932,30.689043,35.923077,50.495998,21.230373,28.72278,244.396713
2018/4/3,42.527092,23.964939,31.035919,36.436127,53.506001,21.355261,28.339811,228.916672
2018/4/4,43.181091,24.503159,31.508059,37.310215,57.388,21.230373,26.999414,229.385788
2018/4/5,43.477566,24.219885,31.912746,37.557236,61.144001,21.167933,26.472828,223.756683
2018/4/6,42.431171,23.42672,31.25272,36.521633,59.860001,21.167933,26.089857,226.102127
2018/4/9,42.605572,23.842188,31.418447,36.749657,57.931999,20.730837,25.467531,226.102127
2018/4/10,43.713005,24.597584,32.110279,37.927773,60.939999,20.980606,25.515402,242.051239
2018/4/11,43.625801,24.899744,32.115097,38.089291,60.186001,20.605951,25.706888,264.567627
2018/4/12,44.070522,25.305767,32.375252,38.497833,58.816002,20.668394,25.467531,252.840363
2018/4/13,43.547321,24.993221,32.384888,38.231808,60.068001,20.605951,25.611143,242.989441
2018/4/16,43.634525,24.899744,32.461971,38.212807,58.242001,20.605951,24.988817,252.840363
2018/4/17,45.05587,25.54183,32.987106,39.314915,57.537998,20.668394,24.653719,264.098572
2018/4/18,45.334911,25.62681,33.174999,39.58094,58.669998,20.668394,25.03669,257.53125
2018/4/19,45.012272,25.23967,32.818485,39.172398,60.015999,20.793278,25.08456,267.382202
2018/4/20,44.44548,24.989445,32.529419,38.830364,58.048,22.042124,25.08456,262.691284
2018/4/23,44.009483,24.607027,32.115097,38.193806,56.674,21.979683,24.605848,266.444
2018/4/24,43.181091,24.304869,31.52733,37.652248,56.692001,21.542585,24.079264,264.098572
2018/4/25,42.439892,24.040478,31.122637,36.920673,56.138,21.355261,24.127134,256.593079
2018/4/26,43.320606,24.550373,31.411703,37.566738,57.096001,21.605028,24.127134,250.964005
2018/4/27,43.372929,24.484274,31.541782,37.414726,58.816002,21.542585,24.175005,247.680344
2018/4/30,43.355488,23.993267,31.402069,37.139194,58.779999,21.355261,23.983521,242.52034
2018/5/1,43.634525,24.182116,31.662228,37.595242,59.984001,21.792355,24.270748,250.025803
2018/5/2,43.800205,24.342638,31.373163,37.576237,60.23,21.729912,24.605848,245.80397
2018/5/3,43.852524,24.11602,31.267172,37.329216,56.889999,21.854797,24.510107,251.902161
2018/5/4,44.480354,24.333197,31.941658,37.918274,58.818001,21.91724,25.180302,255.185806
2018/5/7,45.587788,24.946955,32.376217,38.906376,60.554001,21.854797,24.893074,258.469452
2018/5/8,46.076103,24.786434,32.63541,39.229404,60.394001,22.728989,24.653719,249.556702
2018/5/9,46.738819,25.485176,33.165359,40.227001,61.369999,22.354334,24.270748,241.113068
2018/5/10,47.096333,25.400192,33.517059,40.540535,61.004002,21.979683,24.031393,237.360336
2018/5/11,46.83474,26.202801,33.319534,40.737202,60.212002,22.167007,24.175005,239.236694
2018/5/14,46.459782,26.542728,33.118149,40.806564,58.394001,21.979683,24.270748,252.633957
2018/5/15,45.901707,26.504959,32.924477,40.597542,56.835999,22.167007,25.611143,266.509674
2018/5/16,46.416183,26.656038,33.203903,40.920574,57.296001,22.479219,25.323919,285.170135
2018/5/17,46.119705,26.882656,33.271355,40.977581,56.908001,22.291895,25.611143,299.524353
2018/5/18,45.875549,26.561613,32.943748,40.493031,55.363998,22.479219,26.041986,296.653503
2018/5/21,46.241779,26.306667,32.982285,40.607044,56.897999,22.416777,25.850502,288.51944
2018/5/22,45.866825,26.863773,32.760674,40.730553,55.001999,22.167007,25.754759,288.040985
2018/5/23,46.263584,27.345335,32.847393,41.177101,55.813999,22.479219,25.946245,275.600677
2018/5/24,46.381302,27.373665,32.702858,41.091587,55.57,22.354334,25.611143,273.686768
2018/5/25,46.512104,27.279238,32.779945,41.03458,55.77,22.479219,25.467531,267.945099
2018/5/29,46.267944,27.014851,32.609394,40.920574,56.751999,21.542585,25.323919,285.648621
2018/5/30,46.686501,27.661659,32.834862,41.490627,58.344002,21.854797,25.898371,296.653503
2018/5/31,46.660339,27.600281,32.751038,41.310112,56.945999,21.605028,25.371788,281.820831
2018/6/1,47.593372,27.336838,33.184631,41.58564,58.363998,21.854797,25.754759,290.911835
2018/6/4,48.474083,27.496416,33.589325,42.288708,59.348,21.542585,25.467531,295.696564
2018/6/5,48.892643,27.940212,33.772396,42.839767,58.226002,21.292818,26.377087,276.079163
2018/6/6,49.598957,28.242371,34.466156,43.580837,63.900002,21.542585,25.802629,270.815948
2018/6/7,48.91008,28.006308,34.16745,43.162796,63.217999,21.480143,27.765352,266.509674
2018/6/8,49.24144,28.062963,34.17709,43.419323,63.532001,21.043049,26.807928,257.418701
2018/6/11,49.564075,27.694708,34.899754,43.495327,66.419998,21.292818,26.664312,261.724945
2018/6/12,50.10471,27.987423,35.053921,43.865864,68.554001,21.230373,26.760056,265.552734
2018/6/13,50.226791,28.110176,35.063553,44.084393,68.956001,20.980606,25.980164,256.940216
2018/6/14,51.22958,28.487873,35.410431,44.910969,71.543999,20.730837,25.980164,267.945099
2018/6/15,51.233944,28.553972,35.410431,44.920467,71.634003,20.481066,25.736446,261.24649
2018/6/18,51.534779,28.799473,35.603146,45.462021,74.166,20.168856,26.028906,264.11734
2018/6/19,50.941826,29.035536,34.86121,45.053482,70.510002,20.106413,25.931421,255.504807
2018/6/20,51.48246,29.819258,35.304443,45.956074,72.444,20.106413,25.882675,261.724945
2018/6/21,50.575588,29.196058,34.380398,44.863468,69.501999,19.981529,25.833935,266.031189
2018/6/22,49.921593,28.978882,33.967995,44.283909,66.725998,19.544432,25.980164,275.600677
2018/6/25,48.421764,28.062963,33.126823,43.029781,66.601997,20.793278,26.51634,279.906952
2018/6/26,48.883923,28.185715,33.512238,43.485828,68.400002,20.543509,26.175138,280.385406
2018/6/27,47.663132,27.288681,32.94471,42.231705,68.900002,20.106413,25.736446,294.739624
2018/6/28,48.439205,27.364222,33.309895,42.725754,69.986,19.856644,26.175138,299.045868
2018/6/29,48.378166,27.43976,33.396614,42.735252,68.589996,19.919086,25.736446,312.9216
2018/7/2,48.831604,28.044079,33.415886,43.32431,67.014,19.981529,25.882675,309.093811
2018/7/3,48.256088,28.28014,33.020828,42.896774,62.172001,20.043972,25.63896,300.002808
2018/7/5,48.936237,28.468988,33.309895,43.485828,61.832001,20.231298,25.785191,311.964661
2018/7/6,49.782074,29.347136,33.801304,44.369415,61.779999,20.106413,25.833935,305.266052
2018/7/9,50.322708,29.422676,34.360165,44.81596,63.702,20.605951,26.126392,304.787567
2018/7/10,50.165752,29.309368,34.302349,44.61644,64.494003,20.605951,26.07765,314.357025
2018/7/11,50.10471,29.403791,33.936203,44.578434,63.792,20.293739,26.711311,292.825714
2018/7/12,51.159821,29.838144,34.389069,45.367016,63.341999,20.293739,26.418854,317.227875
2018/7/13,50.985424,29.923124,34.350529,45.357513,63.773998,19.919086,26.418854,343.06543
2018/7/16,50.819744,29.125238,34.190582,44.597439,62.02,19.981529,26.07765,339.716125
2018/7/17,51.438862,29.451004,34.629955,45.081985,64.538002,20.168856,26.418854,327.275818
2018/7/18,51.369102,29.262156,34.801468,44.948971,64.769997,20.231298,26.223879,302.395203
2018/7/19,51.168541,29.639853,34.639591,45.157993,64.045998,20.356184,26.760056,304.309082
2018/7/20,50.933105,29.498215,34.496986,44.910969,62.716,20.043972,27.491205,291.868774
2018/7/23,51.090061,29.231939,34.389069,44.758957,60.639999,20.106413,27.539949,298.567413
2018/7/24,50.436069,28.50676,33.83503,43.59034,59.486,20.106413,28.124868,290.43335
2018/7/25,51.447582,28.846685,34.552872,44.521431,61.748001,19.981529,28.661043,275.600677
2018/7/26,51.098785,28.440662,34.54324,44.179394,61.330002,20.043972,29.050989,284.691681
2018/7/27,49.529198,27.392548,33.936203,42.488232,59.436001,20.481066,29.440935,272.251373
2018/7/30,47.88113,27.052622,33.329166,41.424118,58.034,20.106413,29.245964,271.772888
2018/7/31,48.029369,27.760805,33.733856,42.326714,59.627998,20.293739,28.563557,266.031189
2018/8/1,48.142727,27.713593,33.907295,42.49773,60.167999,20.356184,27.198746,270.337463
2018/8/2,49.398399,27.996866,34.841938,43.580837,69.907997,20.293739,27.442461,280.385406
2018/8/3,48.98856,27.685265,34.919025,43.200802,69.634003,20.106413,27.539949,274.643738
2018/8/6,49.642555,27.85523,34.938293,43.647346,68.398003,20.106413,28.90476,275.600677
2018/8/7,49.94775,28.223484,35.391159,44.274403,75.914001,19.919086,28.709787,271.294434
2018/8/8,49.939034,28.468988,35.506786,44.321915,74.068001,19.794201,28.856018,281.820831
2018/8/9,50.20063,28.875015,35.188816,44.483429,70.489998,20.481066,28.563557,292.825714
2018/8/10,50.061115,29.044979,35.025009,44.587936,71.098,19.919086,28.076122,299.045868
2018/8/13,49.904156,28.997766,34.658863,44.283909,71.281998,19.981529,28.076122,290.43335
2018/8/14,50.183189,29.243269,34.735947,44.540432,69.528,19.981529,27.978638,299.524353
2018/8/15,49.032162,28.893898,34.148182,43.628342,67.737999,19.981529,27.881153,287.084045
2018/8/16,49.014717,29.271599,34.263809,44.084393,67.089996,20.043972,29.245964,291.868774
2018/8/17,48.665924,29.158287,34.013287,43.542835,61.099998,20.293739,31.683128,320.577179
2018/8/20,48.979839,29.347136,34.446884,44.065388,61.688,19.981529,30.220829,324.404968
2018/8/21,49.625114,29.923124,34.909389,45.005978,64.379997,19.981529,30.025854,330.146637
2018/8/22,50.10471,30.102531,34.880482,45.043983,64.328003,19.981529,30.562033,305.266052
2018/8/23,49.982635,30.215841,34.764858,44.977478,64.019997,19.981529,30.513287,300.002808
2018/8/24,51.159821,30.555773,35.342983,45.661545,64.564003,19.919086,30.367058,282.299316
2018/8/27,51.770218,31.112875,35.815121,46.440624,63.854,20.106413,31.780611,277.993042
2018/8/28,51.831257,31.155365,35.844028,46.545132,62.372002,19.919086,33.145424,293.304199
2018/8/29,52.232376,31.823893,36.007832,47.153194,61.001999,19.919086,33.437881,298.567413
2018/8/30,51.700459,32.21764,35.766945,47.124687,60.630001,19.981529,32.170559,280.385406
2018/8/31,51.839977,32.529243,35.786213,47.2197,60.332001,19.981529,32.073071,281.820831
2018/9/4,51.683018,32.249748,35.270718,46.716148,57.790001,20.043972,31.195694,269.858978
2018/9/5,49.965191,31.877714,34.523972,45.595039,56.147999,20.231298,30.367058,287.084045
2018/9/6,49.686157,30.754061,34.523972,44.692448,56.189999,21.4177,30.708261,277.993042
2018/9/7,49.651272,30.668135,34.292717,44.397919,52.647999,21.10549,29.148476,275.600677
2018/9/10,49.94775,30.499115,34.552872,44.521431,57.099998,21.854797,28.661043,269.858978
2018/9/11,50.340149,31.00901,34.601051,45.062984,55.888,21.542585,29.294704,259.332581
2018/9/12,50.645351,31.075106,34.755219,45.205502,58.108002,21.729912,29.343451,268.423584
2018/9/13,50.845905,31.462244,35.102097,45.547535,57.891998,21.979683,29.245964,257.418701
2018/9/14,51.011585,31.79273,35.2659,45.832561,59.040001,22.354334,30.0746,253.590912
2018/9/17,49.616398,31.301723,34.745586,44.920467,58.967999,22.229452,28.953503,257.418701
2018/9/18,49.747196,32.142105,34.830376,45.737549,56.992001,21.979683,28.076122,232.059601
2018/9/19,49.973911,31.622768,35.17918,45.709049,59.804001,21.480143,26.126392,230.624191
2018/9/20,50.235512,31.783285,35.516422,45.918072,59.666,21.480143,25.931421,216.269974
2018/9/21,49.738476,30.886253,35.285172,44.806461,59.82,20.605951,23.348026,194.738663
2018/9/24,49.895432,31.084547,35.121368,44.967976,59.936001,20.918163,23.640488,192.346313
2018/9/25,50.322708,31.424475,35.22736,45.386013,60.198002,21.230373,23.299284,202.394241
2018/9/26,50.383751,31.268677,35.236996,45.424019,61.916,21.230373,24.12792,210.528305
2018/9/27,50.767426,31.717194,35.323715,45.804058,61.504002,21.480143,23.737974,215.313019
2018/9/28,50.218071,31.566113,34.707043,44.977478,52.953999,21.230373,23.981691,199.044937
2018/10/1,50.61919,30.791832,35.22736,45.043983,62.139999,21.167933,23.884203,205.743561
2018/10/2,49.799515,29.989223,34.583706,43.884869,60.203999,21.10549,24.859068,205.265091
2018/10/3,49.921593,30.178072,34.697403,43.970375,58.959999,21.167933,25.3465,193.303268
2018/10/4,48.657204,29.044979,33.868755,42.592739,56.366001,21.167933,26.272623,197.609512
2018/10/5,47.88113,28.610624,33.078644,41.785156,52.389999,20.668394,25.3465,185.647675
2018/10/8,46.878334,28.081848,32.548691,41.006081,50.112,20.855721,25.054041,181.819885
2018/10/9,46.939381,28.270697,32.471611,41.196098,52.560001,20.605951,24.615353,179.427521
2018/10/10,44.367001,26.892099,31.045557,39.048885,51.375999,20.855721,23.786716,182.77684
2018/10/11,43.835083,26.835445,30.505966,38.66885,50.445999,20.918163,24.030432,200.958832
2018/10/12,45.404671,27.477531,31.411703,39.922974,51.756001,21.230373,24.566608,206.700516
2018/10/15,44.994835,27.175373,31.093731,39.561935,51.917999,21.167933,25.249014,211.96373
2018/10/16,46.974258,28.468988,32.172909,41.452625,55.318001,21.10549,27.344975,190.910889
2018/10/17,46.529541,28.459547,31.980198,41.205601,54.355999,20.543509,26.272623,179.905991
2018/10/18,45.291309,27.732477,31.141909,39.998981,52.782001,20.543509,28.856018,182.29837
2018/10/19,44.471638,27.043179,30.660135,39.257904,52,21.10549,28.953503,179.905991
2018/10/22,45.082035,26.703251,30.939564,39.371918,52.189999,21.230373,28.563557,179.905991
2018/10/23,45.352348,26.513458,31.093731,39.675949,58.827999,21.792355,28.807272,181.341415
2018/10/24,42.875889,24.786434,29.831482,37.424229,57.700001,21.792355,30.318316,178.470581
2018/10/25,45.020996,25.409634,30.756489,39.172398,62.972,21.854797,32.073071,174.164307
2018/10/26,43.896122,25.116917,30.448154,38.858868,66.18,21.854797,31.780611,172.728912
2018/10/29,43.433968,24.644796,30.072371,38.469334,66.970001,21.605028,31.195694,173.207382
2018/10/30,44.550117,25.381308,30.631229,39.447926,65.980003,21.605028,30.220829,178.949051
2018/10/31,46.58186,26.098932,31.267172,40.455029,67.463997,21.292818,29.392193,178.949051
2018/11/1,48.186325,27.080948,32.972652,42.488232,68.856003,21.480143,29.392193,182.77684
2018/11/2,48.107845,28.327353,33.001556,43.2103,69.281998,21.480143,29.050989,169.858063
2018/11/5,47.532333,28.299025,32.500515,42.583237,68.279999,21.480143,29.050989,157.41774
2018/11/6,47.523613,28.09129,32.712494,42.592739,68.211998,21.605028,29.245964,172.728912
2018/11/7,48.937111,29.026093,33.44479,43.666344,69.632004,21.605028,29.440935,173.207382
2018/11/8,47.837528,28.818361,33.45443,42.982277,70.279999,21.605028,30.367058,181.341415
2018/11/9,46.695217,28.204601,32.72213,42.161396,70.101997,21.480143,29.245964,188.040054
2018/11/12,44.872753,27.062063,31.56587,40.626041,66.255997,21.605028,29.684652,190.910889
2018/11/13,45.456989,27.24147,31.797125,40.958576,67.746002,21.480143,32.609249,206.700516
2018/11/14,45.334911,26.438862,31.893475,40.464527,68.800003,21.292818,33.291656,206.700516
2018/11/15,46.74754,27.364222,32.375252,41.652149,69.688004,21.167933,33.632858,190.432419
2018/11/16,46.023785,27.515301,32.163273,41.490627,70.862,21.230373,31.683128,187.561569
2018/11/19,43.381645,26.382208,30.958836,39.504932,70.694,21.542585,34.851437,184.212265
2018/11/20,42.762531,25.85343,30.409613,38.782856,69.498001,21.10549,35.4851,177.992096
2018/11/21,43.277008,26.580498,30.86248,39.656952,67.638,21.292818,38.994617,182.29837
2018/11/23,43.093887,26.74102,30.785397,39.628445,65.166,21.480143,38.653416,192.824783
2018/11/26,44.768116,27.345335,31.623684,40.806564,69.199997,21.480143,36.801167,194.260193
2018/11/27,44.811714,26.873215,31.209358,40.407524,68.783997,21.10549,36.264996,195.217148
2018/11/28,46.751904,27.929825,32.095825,41.975178,69.573997,21.167933,36.411224,195.217148
2018/11/29,46.603661,28.044079,31.748945,41.851665,68.234001,21.355261,35.387615,186.60463
2018/11/30,47.070175,28.129063,32.066917,42.231705,70.096001,21.230373,34.217773,196.174088
2018/12/3,48.282246,28.950554,32.693222,43.257805,71.697998,20.980606,33.925316,187.561569
2018/12/4,45.971466,27.411434,31.459883,41.110592,71.940002,21.230373,35.387615,197.131042
2018/12/6,46.485943,27.364222,31.517693,41.367119,72.612,21.605028,36.508709,203.351196
2018/12/7,44.864037,26.344437,30.698677,39.998981,71.594002,21.605028,34.266521,195.695618
2018/12/10,45.343632,26.484186,30.775761,40.417023,73.029999,21.292818,31.975586,193.303268
2018/12/11,45.38723,26.62771,30.89139,40.341011,73.351997,21.542585,32.804222,198.087982
2018/12/12,46.1633,26.995968,31.33462,41.148598,73.32,21.542585,32.950451,197.131042
2018/12/13,45.823227,26.372765,31.073498,40.512032,75.358002,21.4177,33.242908,194.738663
2018/12/14,44.759399,25.730677,30.621593,39.685452,73.141998,21.4177,33.827831,175.599731
2018/12/17,42.875889,24.758104,29.609865,37.927773,69.683998,21.10549,32.657993,175.121262
2018/12/18,43.285728,24.404013,29.870026,37.899273,67.405998,21.4177,33.827831,175.121262
2018/12/19,42.352695,23.870516,29.446062,37.319714,66.594002,21.4177,34.315266,176.078201
2018/12/20,41.131905,22.756306,28.829391,35.932575,63.076,21.355261,32.657993,177.513626
2018/12/21,39.544876,21.113321,28.260899,34.060886,63.953999,21.4177,33.584114,176.556686
2018/12/24,38.917046,21.151089,27.736727,33.57634,59.077999,21.4177,32.414272,177.035156
2018/12/26,41.384781,22.359724,28.993195,35.647549,65.218002,21.355261,33.437881,179.427521
2018/12/27,41.580246,22.249918,28.967419,35.694622,63.226002,21.4177,33.632858,180.862946
2018/12/28,41.471657,22.490719,29.244999,36.057449,66.774002,21.542585,33.779087,181.341415
2018/12/31,41.8764,23.097534,29.235085,36.469307,66.559998,21.480143,34.656467,179.427521
2019/1/2,41.91589,23.617662,29.307453,36.694851,62.023998,21.542585,35.826302,185.647675
2019/1/3,40.366009,23.319069,28.184248,35.488686,60.071999,21.542585,35.338871,191.389374
2019/1/4,42.903076,24.783133,29.473011,37.68528,63.537998,21.605028,34.315266,192.346313
2019/1/7,44.42334,26.314621,30.16696,39.322918,66.991997,21.605028,34.753956,194.738663
2019/1/8,44.916935,26.102718,30.444538,39.440594,67.07,21.542585,35.095154,189.475464
2019/1/9,45.736298,26.902174,31.098835,40.676174,67.706001,21.605028,35.095154,194.260193
2019/1/10,46.160786,27.075552,31.088921,40.882103,68.994003,21.542585,35.290131,193.781738
2019/1/11,46.28912,27.046654,31.079008,40.970364,69.452003,21.605028,35.777561,193.303268
2019/1/14,45.854759,26.353151,30.632896,40.234894,66.879997,21.792355,35.046413,189.475464
2019/1/15,46.733356,27.085182,31.37344,41.460674,68.886002,21.792355,36.313736,194.260193
2019/1/16,46.97028,27.287455,31.346674,41.490093,69.209999,21.605028,38.019753,184.690735
2019/1/17,47.483616,27.499357,31.445808,41.813694,69.461998,21.605028,37.142368,183.73378
2019/1/18,47.848877,27.769054,31.61434,41.970596,60.452,21.854797,37.191116,193.781738
2019/1/22,46.249634,26.786591,30.603157,40.313343,59.784,23.041201,36.654938,187.561569
2019/1/23,46.131172,26.20867,30.642811,39.911293,57.518002,23.228529,36.557453,187.561569
2019/1/24,47.217079,26.661375,31.211849,40.774239,58.301998,22.853874,37.337345,194.260193
2019/1/25,48.441185,27.150679,31.901833,41.745052,59.408001,23.166086,36.947399,213.399139
2019/1/28,47.532978,26.382046,31.316933,40.872299,59.276001,23.103642,35.92379,206.222031
2019/1/29,46.585278,26.083454,31.541969,40.45063,59.492001,23.103642,35.143898,206.222031
2019/1/30,48.016697,26.622845,32.268635,41.450867,61.754002,23.166086,35.875046,207.657455
2019/1/31,48.885418,27.181501,32.972496,42.215752,61.403999,23.228529,37.532318,200.001877
2019/2/1,48.924908,27.21714,33.041893,42.274586,62.442001,25.538893,36.801167,202.394241
2019/2/4,49.655422,27.508989,33.374989,42.951218,62.577999,28.036583,37.727295,200.480347
2019/2/5,50.030556,27.268188,33.805233,43.06889,64.269997,29.722527,37.191116,197.131042
2019/2/6,49.783756,27.316351,33.914284,43.108112,63.444,29.972294,36.849911,197.131042
2019/2/7,48.638622,26.574686,32.828751,41.666607,61.501999,29.660082,36.849911,190.432419
2019/2/8,48.974266,26.757694,32.989349,42.156918,61.16,29.909851,35.387615,197.609512
2019/2/11,49.013756,27.094814,33.359127,42.578579,62.568001,31.658236,35.777561,192.346313
2019/2/12,49.823246,27.489727,34.077858,43.392494,62.362,31.283583,35.387615,193.303268
2019/2/13,49.823246,27.682365,34.251347,43.676876,61.633999,30.846485,35.387615,194.738663
2019/2/14,49.892349,27.595678,34.252335,43.794552,60.754002,33.71883,35.972534,193.781738
2019/2/15,50.316837,27.946283,34.628063,44.314278,61.576,32.844639,36.313736,197.131042
2019/2/19,50.662354,27.980957,34.677628,44.3437,61.127998,32.844639,38.31221,196.652557
2019/2/20,50.356323,28.36624,34.816418,44.706532,60.512001,32.907082,38.897129,198.566452
2019/2/21,49.694912,27.923166,34.360394,43.833778,58.245998,32.157772,40.944347,201.915771
2019/2/22,51.057228,28.385502,34.806507,44.883041,58.942001,32.3451,41.09058,203.351196
2019/2/25,51.264538,29.377598,35.075165,45.491024,59.754002,32.095329,43.089054,199.523407
2019/2/26,50.889404,29.223486,34.895729,45.147808,59.571999,32.095329,42.260414,193.781738
2019/2/27,51.432354,30.032576,35.034519,45.814632,62.948002,33.71883,40.456917,192.824783
2019/2/28,51.274406,29.647295,34.975037,45.65773,63.976002,34.155926,42.894081,194.260193
2019/3/1,50.997997,30.899456,34.564617,45.893082,58.958,33.71883,44.648834,197.131042
2019/3/4,50.237862,30.620127,34.227554,45.334126,57.071999,33.219292,45.428726,196.652557
2019/3/5,50.563637,30.514175,34.230526,45.461609,55.307999,33.40662,43.868946,196.652557
2019/3/6,49.813374,29.329439,33.69619,44.480988,55.248001,33.344177,47.085999,216.269974
2019/3/7,49.191448,29.38723,32.635433,43.706295,55.318001,33.281734,47.963383,211.485245
2019/3/8,49.063114,29.454655,32.704834,43.990677,56.827999,32.844639,49.81562,219.140808
2019/3/11,50.672226,30.610495,33.527657,45.520443,58.183998,32.282658,45.379986,218.662338
2019/3/12,50.879536,30.947615,33.547485,45.647926,56.672001,32.032887,46.744797,212.4422
2019/3/13,51.234921,31.294369,33.775494,46.030369,57.792,31.470909,45.721188,208.61441
2019/3/14,50.731457,30.986141,33.7061,45.736179,57.992001,31.033812,45.185013,203.829666
2019/3/15,50.859791,31.583328,33.606968,46.079399,55.085999,32.469982,45.867416,207.178986
2019/3/18,50.899277,31.631487,33.676361,45.942108,53.897999,33.031967,46.793541,209.09288
2019/3/19,51.234921,31.650751,33.963852,46.069595,53.493999,33.031967,47.329712,209.57135
2019/3/20,51.313896,31.824127,33.953941,46.187263,54.720001,29.784966,46.939774,215.791504
2019/3/21,52.439285,32.450207,34.528927,47.13847,54.804001,26.850178,50.693001,227.274872
2019/3/22,50.691967,30.812765,33.334343,45.157616,52.905998,28.099026,52.447758,222.490128
2019/3/25,50.534016,30.88982,33.180683,45.059555,52.084,27.224833,49.32819,232.538086
2019/3/26,50.642609,31.063198,33.517746,45.25568,53.554001,28.099026,49.718136,228.231812
2019/3/27,49.941708,30.610495,33.180683,44.765369,54.966,28.723448,50.303055,231.102661
2019/3/28,50.484657,31.101727,33.438435,45.245869,55.723999,28.910774,47.475948,224.882492
2019/3/29,51.146076,31.670015,33.745754,45.824436,55.972,29.222986,44.258888,214.356094
2019/4/1,52.014793,31.785599,34.528927,46.510872,57.835999,29.972294,45.331242,217.226913
2019/4/2,52.123386,32.238304,34.691509,46.883507,57.175999,30.846485,45.331242,211.96373
2019/4/3,52.932877,32.951069,35.272446,47.834709,58.362,29.972294,45.721188,214.356094
2019/4/4,52.133259,32.662109,34.885811,47.197308,53.556,30.346949,42.699104,212.92067
2019/4/5,52.745316,33.268925,35.381489,47.962189,54.992001,29.722527,46.306107,208.135925
2019/4/8,52.903263,33.124447,35.331924,47.864128,54.639999,29.972294,47.475948,204.786621
2019/4/9,52.498516,32.585056,34.90564,47.364014,54.462002,29.098101,44.941292,195.217148
2019/4/10,53.061214,33.288193,35.242702,48.030838,55.212002,29.347872,44.161404,195.695618
2019/4/11,52.646599,32.71027,34.945297,47.41304,53.683998,29.472755,43.868946,199.044937
2019/4/12,52.607109,32.825855,35.094002,47.520912,53.540001,29.410313,42.406647,209.09288
2019/4/15,52.143131,32.440575,34.816418,47.020794,53.276001,29.660082,45.623699,212.92067
2019/4/16,52.656467,32.488735,35.163395,47.344398,54.672001,29.660082,43.868946,209.09288
2019/4/17,52.123386,30.803135,34.975037,46.138237,54.245998,29.722527,39.579533,203.829666
2019/4/18,51.955566,30.937983,35.01469,46.177464,54.652,30.596716,37.191116,204.786621
2019/4/22,52.350437,31.342527,34.826332,46.334358,52.549999,32.469982,37.044888,214.356094
2019/4/23,53.485703,31.958977,35.232788,47.491493,52.779999,31.470909,35.143898,209.09288
2019/4/24,52.932877,31.573692,35.222874,47.079632,51.731998,30.534273,31.926844,202.872726
2019/4/25,52.370182,31.756704,34.42979,46.657967,49.526001,31.22114,30.464544,204.308136
2019/4/26,52.281334,32.199772,34.211689,46.765835,47.028,31.783121,29.050989,207.178986
2019/4/29,52.666336,32.093822,34.360394,46.863895,48.293999,31.470909,29.587166,217.226913
2019/4/30,52.686081,31.506269,34.316776,46.304943,47.737999,30.908928,30.757004,210.528305
2019/5/1,52.616978,31.188416,34.023335,45.873466,46.801998,30.097178,31.195694,216.748444
2019/5/2,52.41954,31.352158,34.28109,46.09901,48.82,30.346949,31.878099,218.662338
2019/5/3,53.584419,32.180511,35.084084,47.452267,51.006001,30.971371,31.244436,214.748917
2019/5/6,53.564674,32.739166,34.747025,47.873936,51.068001,30.846485,31.731867,206.432907
2019/5/7,52.064159,31.40995,34.092728,46.383392,49.411999,30.596716,31.829357,204.965378
2019/5/8,52.103642,30.88982,33.56731,45.530251,48.967999,30.7216,30.757004,200.073593
2019/5/9,51.689026,30.658653,33.220333,45.138,48.396,30.908928,33.242908,205.454544
2019/5/10,51.767998,30.841661,33.299644,45.343933,47.903999,30.596716,36.557453,207.411255
2019/5/13,49.487602,29.011583,31.743216,42.843346,45.402,30.034737,36.801167,206.922073
2019/5/14,50.494534,29.628031,32.417339,43.667068,46.462002,30.15962,36.411224,203.008667
2019/5/15,51.323769,29.974783,32.56604,44.196606,46.389999,30.409389,35.582588,202.519485
2019/5/16,51.738384,30.437119,32.734573,44.402534,45.666,30.471832,36.021278,206.922073
2019/5/17,50.316837,29.897728,31.644081,43.108112,42.206001,30.034737,35.241386,206.922073
2019/5/20,49.339523,29.493183,30.900564,42.098076,41.071999,30.15962,38.360954,209.367966
2019/5/21,50.15889,30.340799,31.445808,43.049278,41.015999,30.471832,37.727295,219.15152
2019/5/22,49.734398,30.003679,30.880735,42.392262,38.546001,30.471832,37.239861,224.043289
2019/5/23,48.42144,29.233118,30.018257,41.225323,39.098,30.908928,38.117237,224.043289
2019/5/24,48.441185,29.406496,29.849726,41.323383,38.125999,30.659161,37.532318,218.173157
2019/5/28,48.50042,29.184958,29.82395,41.078228,37.740002,30.7216,37.776035,222.57576
2019/5/29,48.085796,28.770782,29.552319,40.715401,37.972,30.7216,38.555927,221.108231
2019/5/30,48.105541,28.934526,29.829899,40.999783,37.644001,30.7216,38.360954,221.597412
2019/5/31,46.980152,28.048382,29.086382,39.940708,37.032001,30.596716,42.16293,225.021652
2019/6/3,45.696812,28.096542,28.749321,39.362144,35.793999,30.346949,42.065445,224.043289
2019/6/4,47.44413,28.886366,29.869553,40.989971,38.720001,30.409389,40.603146,217.68399
2019/6/5,47.839001,28.828575,29.85964,41.293964,39.318001,30.284506,40.505661,222.086578
2019/6/6,47.87849,28.472191,29.958775,41.31358,41.189999,30.534273,40.65189,220.619049
2019/6/7,48.62875,29.550974,30.22644,42.372646,40.900002,30.971371,39.384563,218.173157
2019/6/10,49.230934,29.839933,30.761774,42.774704,42.576,30.846485,37.301247,217.194809
2019/6/11,49.181576,29.367966,30.814316,42.460907,43.419998,30.784042,38.342907,221.597412
2019/6/12,48.954521,29.53171,30.414799,42.313812,41.852001,30.846485,39.384563,224.532471
2019/6/13,49.408627,29.820669,30.741947,42.833542,42.782001,30.784042,39.285355,229.42424
2019/6/14,48.905163,29.329439,30.444538,42.235363,42.984001,30.846485,39.18615,230.402603
2019/6/17,49.773884,30.504541,30.780609,43.549397,45.006001,30.7216,39.334961,226.489182
2019/6/18,50.385941,30.918716,31.525116,44.235832,44.948002,30.784042,38.938137,223.064941
2019/6/19,50.830177,31.188416,31.634167,44.392731,45.285999,30.534273,39.483768,218.662338
2019/6/20,51.165817,31.294369,32.042603,44.451569,43.924,30.596716,40.674232,221.108231
2019/6/21,50.76107,31.448481,32.139755,44.559433,44.372002,30.7216,41.368671,243.121216
2019/6/24,50.632736,30.677919,31.911745,43.922031,44.728001,31.158697,41.418274,243.610397
2019/6/25,49.47773,31.130621,31.594513,43.598423,43.952,31.22114,44.642452,259.264069
2019/6/26,50.188503,30.957247,31.971228,43.823967,43.854,31.346024,44.047218,259.753235
2019/6/27,50.711712,31.795227,32.52639,44.932072,44.568001,31.158697,43.898411,262.199127
2019/6/28,51.34351,33.201504,33.468174,47.050217,44.692001,30.846485,43.451984,254.372299
2019/7/1,51.807487,33.217876,33.56731,46.991375,45.433998,30.971371,41.666286,246.056274
2019/7/2,51.748253,32.796959,32.992325,46.520679,44.91,31.096254,42.162315,250.948059
2019/7/3,52.172745,33.348873,33.210423,47.128662,46.98,31.158697,40.525425,250.948059
2019/7/5,52.074028,33.124447,33.031979,46.873703,46.619999,31.158697,39.682178,230.402603
2019/7/8,51.679153,32.671741,32.883274,46.432419,46.068001,31.22114,37.946083,207.411255
2019/7/9,52.656467,33.153339,33.081547,47.314983,46.012001,31.096254,39.434166,207.411255
2019/7/10,52.942753,33.249664,33.230251,47.638588,47.784,31.22114,37.896481,198.606064
2019/7/11,53.071083,33.057022,33.398777,47.668007,47.720001,31.720678,39.483768,200.073593
2019/7/12,53.47583,32.402046,33.666447,47.520912,49.015999,31.720678,40.227806,210.346329
2019/7/15,53.841091,32.334621,33.805233,47.726841,50.700001,32.032887,39.880589,210.346329
2019/7/16,53.327755,32.276829,33.872646,47.432655,50.476002,31.908007,40.773438,210.346329
2019/7/17,53.436344,32.315357,33.745754,47.658195,50.972,31.970448,41.517479,210.835495
2019/7/18,53.298138,32.854752,33.633728,47.883743,50.708,32.220215,41.269463,210.346329
2019/7/19,52.913136,32.575424,33.497917,47.354206,51.636002,32.469982,41.120659,213.281387
2019/7/22,53.120445,33.076286,33.725929,47.795486,51.136002,32.844639,40.971848,219.15152
2019/7/23,53.30801,32.816219,34.092728,47.952389,52.034,36.029194,41.319069,217.194809
2019/7/24,54.107632,33.134079,34.856071,48.952618,52.976002,38.214676,41.765491,226.978363
2019/7/25,52.636723,32.440575,33.577225,47.324787,45.764,36.903389,41.368671,223.554123
2019/7/26,53.347496,33.423038,33.87463,48.393661,45.608002,37.153156,38.690125,219.15152
2019/7/29,53.011856,33.403774,33.815151,48.177929,47.153999,37.590252,38.590919,225.510818
2019/7/30,52.972366,33.952801,33.904373,48.648628,48.452,38.08979,38.690125,230.891785
2019/7/31,51.807487,33.307453,32.774227,47.520912,48.321999,38.464443,39.533367,232.359314
2019/8/1,51.323769,33.114815,31.872093,46.795254,46.77,38.402,39.979794,231.870132
2019/8/2,50.030556,32.016766,31.138489,45.226257,46.868,38.714214,41.170261,232.84848
2019/8/5,47.898235,30.475645,30.107479,43.304241,45.664001,39.650845,40.42622,232.84848
2019/8/6,48.293106,30.966879,30.206614,43.696491,46.150002,40.212826,41.666286,234.805191
2019/8/7,49.043369,31.101727,30.295835,44.255447,46.683998,42.960289,42.45993,235.783554
2019/8/8,50.195415,31.910814,30.900564,45.000713,47.66,43.272499,41.765491,231.870132
2019/8/9,49.47773,31.544798,30.553589,44.392731,47.001999,44.084248,41.219864,234.805191
2019/8/12,48.451057,30.97073,30.047997,43.474865,45.801998,45.895077,41.02145,237.251083
2019/8/13,49.319778,31.40995,30.736988,44.353504,47,45.832634,43.451984,232.84848
2019/8/14,47.276306,30.273375,29.651455,42.794315,43.924,47.393688,46.924175,227.956711
2019/8/15,47.128231,30.022942,29.522579,42.71587,43.127998,49.953823,48.412258,227.956711
2019/8/16,48.302979,31.188416,30.315662,43.823967,43.987999,49.953823,49.453915,235.294373
2019/8/19,49.329655,31.612221,31.029438,44.667305,45.366001,52.826168,49.503521,251.437225
2019/8/20,49.27042,31.342527,30.850996,44.382923,45.172001,51.889534,49.1563,253.393936
2019/8/21,49.931839,31.73744,31.059179,44.775173,44.166,49.704056,50.098751,256.32901
2019/8/22,49.546833,31.063198,30.95013,44.118156,44.43,45.083324,49.801136,250.458878
2019/8/23,48.036438,30.022942,30.016273,42.666836,42.279999,46.207287,49.404312,244.588745
2019/8/26,48.549778,30.273375,30.236355,42.94141,43,46.58194,49.602722,243.121216
2019/8/27,48.224003,29.743614,30.008343,42.284393,42.816002,46.58194,50.197956,244.588745
2019/8/28,48.095673,30.042206,30.157047,42.539356,43.118,50.141151,48.957886,246.056274
2019/8/29,49.300034,30.388958,30.850996,43.323853,44.341999,50.703129,49.801136,250.948059
2019/8/30,49.221062,30.273375,31.009613,43.46114,45.122002,49.828938,49.999546,248.502167
2019/9/3,48.658367,29.300543,30.622984,42.431488,45.001999,50.078709,49.999546,254.861481
2019/9/4,49.092728,29.271646,31.049267,42.500134,44.136002,50.203594,51.58683,255.350647
2019/9/5,50.398777,29.483551,31.84235,43.186565,45.916,50.328476,48.610668,257.796539
2019/9/6,50.099655,29.434427,31.792784,43.088501,45.490002,50.390923,48.610668,252.90477
2019/9/9,49.803501,28.876734,32.228977,42.961025,46.358002,50.016266,50.594776,271.004333
2019/9/10,49.912094,29.541342,32.466904,43.490555,47.108002,50.890457,51.487629,271.004333
2019/9/11,50.672226,30.504541,33.102364,44.657497,49.419998,51.764648,50.495575,271.004333
2019/9/12,50.770943,30.677919,33.200512,44.618271,49.174,51.827091,50.79319,270.515167
2019/9/13,50.563637,30.658653,32.853535,44.373116,49.040001,50.453362,50.892395,273.939392
2019/9/16,50.464916,30.937983,32.784138,44.520214,48.562,48.892303,50.495575,268.558441
2019/9/17,50.800556,30.800243,32.853535,44.618271,48.958,49.704056,55.455845,270.02597
2019/9/18,50.208248,30.822397,32.575954,44.167187,48.698002,49.704056,54.860611,266.112549
2019/9/19,50.129272,30.649023,32.437164,43.980865,49.32,50.390923,57.241543,269.047607
2019/9/20,49.418499,31.159517,31.961315,43.873001,48.124001,49.017189,56.15028,269.536804
2019/9/23,49.171703,30.726078,32.119934,43.676876,48.245998,48.829861,56.051079,270.515167
2019/9/24,47.542847,29.772511,31.148403,42.205944,44.641998,48.018112,56.051079,268.069275
2019/9/25,48.204262,29.301504,31.564772,42.304005,45.740002,48.018112,55.654255,271.4935
2019/9/26,48.569519,28.558876,31.634167,42.235363,48.512001,47.955669,54.95982,261.709961
2019/9/27,47.621822,28.269918,31.098835,41.813694,48.425999,47.768345,53.769352,254.372299
2019/9/30,48.04631,28.433662,31.425983,42.058849,48.174,48.330326,54.265381,257.307373
2019/10/1,47.602077,27.470463,30.940216,41.088036,48.938,49.704056,54.761406,264.64502
2019/10/2,46.851818,27.181501,30.642811,40.470245,48.625999,49.329399,53.372528,266.601746
2019/10/3,47.434258,27.663101,30.771688,40.725208,46.605999,49.266956,54.463791,260.242432
2019/10/4,47.977207,28.019485,31.059179,41.156681,46.285999,48.642532,53.174118,263.17749
2019/10/7,48.036438,28.067644,31.049267,41.215519,47.543999,48.330326,52.281269,261.220795
2019/10/8,46.861691,26.92144,30.394972,39.83284,48.009998,49.079632,54.562996,260.242432
2019/10/9,47.671181,26.988863,30.897589,40.391792,48.905998,48.267883,53.570942,261.709961
2019/10/10,47.829132,27.277822,31.029438,40.480049,48.948002,52.201744,52.578888,256.32901
2019/10/11,48.668236,27.508989,31.604425,41.117455,49.577999,57.0098,52.975708,260.731598
2019/10/14,48.974266,27.55715,31.931572,41.441059,51.391998,56.760033,54.066967,264.155853
2019/10/15,49.981197,28.163967,32.347942,42.313812,51.577999,54.32478,53.570942,266.112549
2019/10/16,49.290165,28.029119,32.169498,41.970596,51.950001,52.201744,52.380474,265.134216
2019/10/17,49.764015,28.000221,32.228977,42.050026,52.394001,53.263264,50.9916,265.134216
2019/10/18,48.42144,27.374142,31.802698,41.117455,51.389999,51.889534,50.495575,267.090912
2019/10/21,49.112473,27.94243,32.013855,41.588154,50.700001,51.889534,50.297161,261.220795
2019/10/22,48.401695,27.55715,32.000969,41.117455,51.116001,52.888611,50.79319,272.471863
2019/10/23,48.125286,27.403038,31.951401,40.950748,50.936001,52.201744,50.79319,263.17749
2019/10/24,49.665298,27.41267,32.675091,41.823502,59.936001,52.701283,51.785244,261.709961
2019/10/25,50.948635,27.499357,33.398777,42.676643,65.625999,51.327553,50.79319,260.731598
2019/10/28,51.866718,28.37587,33.755669,43.774937,65.542,50.9529,48.213844,252.90477
2019/10/29,50.701839,28.56851,33.438435,43.46114,63.243999,51.077785,49.801136,254.861481
2019/10/30,50.840046,28.876734,33.309555,43.51017,63.001999,51.077785,49.999546,248.012985
2019/10/31,50.810432,28.85747,33.091461,43.372883,62.984001,51.202667,49.503521,250.458878
2019/11/1,51.254662,29.570238,33.725929,44.353504,62.661999,49.89138,50.297161,244.588745
2019/11/4,51.925949,29.290909,34.330654,44.59866,63.493999,49.953823,49.801136,239.207794
2019/11/5,51.521202,29.445021,34.310829,44.510403,63.444,49.57917,48.114643,238.718613
2019/11/6,51.560692,29.107901,34.270184,44.3437,65.316002,48.704975,48.561066,233.826843
2019/11/7,51.669281,28.838207,34.865986,44.333889,67.108002,48.205441,48.015438,236.761902
2019/11/8,52.202362,29.570238,34.865986,44.961487,67.428001,47.830788,47.469803,234.805191
2019/11/11,52.755184,29.71472,34.8759,45.422382,69.017998,47.581017,48.75948,238.229446
2019/11/12,52.824287,29.965151,34.935383,45.745991,69.986,47.643459,49.205898,239.207794
2019/11/13,52.735439,30.225214,34.172039,45.471413,69.222,47.456131,48.809082,236.761902
2019/11/14,52.962498,29.954556,34.132385,45.65773,69.870003,47.456131,48.313053,238.229446
2019/11/15,53.574551,30.54307,34.350483,46.481457,70.433998,48.704975,48.610668,239.696976
2019/11/18,53.771988,30.412075,34.251347,46.481457,69.998001,48.330326,47.22179,239.696976
2019/11/19,53.989166,31.621855,34.221607,47.511105,71.903999,47.393688,47.122585,237.251083
2019/11/20,53.831215,31.679646,34.023335,47.491493,70.444,47.393688,47.569012,238.718613
2019/11/21,53.841091,31.188416,33.957905,47.216923,70.966003,47.206364,46.82497,238.229446
2019/11/22,54.137245,31.525534,33.924198,47.481686,66.608002,47.268803,46.676163,242.632034
2019/11/25,55.223148,32.768063,34.62112,48.707462,67.267998,46.89415,45.535301,235.783554
2019/11/26,55.440331,33.143711,34.42979,49.031071,65.783997,47.081478,45.584904,235.783554
2019/11/27,55.706871,33.413406,34.608234,49.256611,66.258003,47.643459,47.519409,239.696976
2019/11/29,55.475868,33.634941,34.499184,49.452736,65.987999,47.830788,46.279343,237.740265
2019/12/2,53.762115,32.729534,34.18195,48.011223,66.973999,47.643459,44.196026,235.783554
2019/12/3,53.831215,33.018494,33.904373,48.138702,67.239998,48.142998,45.039272,233.337662
2019/12/4,54.068142,33.182236,33.854805,48.236767,66.606003,47.518574,44.79126,228.445892
2019/12/5,54.15699,32.845116,33.953941,48.011223,66.073997,47.518551,45.039272,241.653687
2019/12/6,54.640709,33.317085,34.370308,48.501534,67.178001,47.518551,46.378548,245.077927
2019/12/9,54.453144,32.960701,34.45953,48.09948,67.905998,47.518551,49.602722,249.969696
2019/12/10,54.346527,33.307453,34.588406,48.305408,69.767998,47.518551,49.801136,247.523819
2019/12/11,54.393913,33.008862,34.955208,48.02103,70.540001,47.518551,49.503521,253.883118
2019/12/12,54.620968,33.240028,35.603558,48.442699,71.935997,47.518551,49.453915,249.48053
2019/12/13,54.453144,33.268925,35.500458,48.148506,71.678001,47.518551,49.801136,252.90477
2019/12/16,55.736485,33.85648,36.217205,49.256611,76.300003,48.912037,49.404312,254.372299
2019/12/17,55.598278,34.183968,36.346081,49.207581,75.797997,44.020832,44.493641,233.337662
2019/12/18,56.220207,34.155067,36.724777,49.560608,78.629997,45.87949,43.451984,233.337662
2019/12/19,56.812515,34.232128,37.086624,49.884209,80.807999,45.243633,42.410328,224.043289
2019/12/20,56.980339,34.386238,36.986496,49.972466,81.117996,45.488194,44.146423,232.359314
2019/12/23,57.513416,34.993053,37.420712,50.590256,83.844002,45.243633,43.451984,229.42424
2019/12/24,57.784893,35.089375,37.258129,50.8158,85.050003,45.047985,45.634506,239.207794
2019/12/26,58.234066,34.704094,37.39196,50.766769,86.188004,45.047985,44.295235,236.272736
2019/12/27,57.878677,34.162338,37.25317,50.334682,86.075996,44.46104,42.559139,238.718613
2019/12/30,56.66444,33.170113,36.743614,48.95673,82.940002,48.863125,44.692051,249.48053
2019/12/31,56.852005,33.259415,36.818958,49.261845,83.666,52.825001,46.62656,243.610397
2020/1/2,58.105732,33.090733,37.564457,49.704762,86.052002,51.94458,47.122585,236.761902
2020/1/3,57.84906,32.425945,37.47028,49.340588,88.601997,53.99889,47.320999,235.783554
2020/1/6,58.510475,32.818867,37.515881,49.724445,90.307999,53.509769,46.62656,230.891785
2020/1/7,59.290356,33.090733,37.978848,50.334682,93.811996,52.433701,46.725765,234.316025
2020/1/8,60.208435,33.567005,38.534004,51.466576,98.428001,52.727177,48.164242,232.84848
2020/1/9,60.494717,33.89444,38.573658,51.525627,96.267998,52.531528,50.396366,233.337662
2020/1/10,60.277538,33.859711,38.365475,51.151615,95.629997,52.922821,55.35664,228.935074
2020/1/13,61.778061,34.142494,39.158558,52.204765,104.972,53.411942,56.447899,230.891785
2020/1/14,61.866905,34.509617,39.267609,52.421295,107.584,56.346664,54.860611,226.978363
2020/1/15,61.837292,34.886665,38.812576,52.588623,103.699997,59.183563,54.761406,225.021652
2020/1/16,62.271656,35.44231,39.327087,53.159485,102.697998,56.444492,52.578888,219.15152
2020/1/17,62.360497,34.777519,39.515446,52.824841,102.099998,55.270599,55.55505,217.194809
2020/1/21,62.360497,34.321095,39.604668,52.746101,109.440002,57.324905,55.059021,226
2020/1/22,62.597424,34.479851,39.812851,52.992165,113.912003,56.640141,55.75346,224.043289
2020/1/23,62.952812,34.092884,39.892162,52.952793,114.440002,57.129261,55.654255,224.532471
2020/1/24,62.498707,33.438015,39.168468,51.96854,112.963997,56.640141,56.943928,229.913422
2020/1/27,61.175877,33.487625,38.137463,51.033501,111.603996,53.705418,54.562996,217.194809
2020/1/28,62.518452,33.644398,38.731285,51.988228,113.379997,51.748936,55.55505,214.25975
2020/1/29,62.706013,33.775372,38.488403,52.017754,116.197998,50.966339,53.769352,209.367966
2020/1/30,63.397045,33.18996,38.950375,52.11618,128.162003,47.004467,48.610668,189.800873
2020/1/31,62.360497,32.455711,38.240562,50.984287,130.113998,45.732754,46.328945,181.97403
2020/2/3,64.986412,32.922058,39.892162,53.110275,156,41.868702,43.352779,177.571426
2020/2/4,67.6222,33.82399,41.636948,55.433113,177.412003,38.15139,44.344833,180.995667
2020/2/5,65.371414,34.440163,41.091702,54.64571,146.940002,37.66227,47.22179,173.658005
2020/2/6,66.220398,34.995808,40.843864,55.285473,149.792007,33.896042,42.509533,156.536804
2020/2/7,66.200645,34.450085,40.486977,54.96067,149.613998,35.99926,42.65834,166.320343
2020/2/10,67.128601,35.452232,40.878559,55.994137,154.255997,35.021019,38.392509,152.623383
2020/2/11,67.809761,35.680443,41.815392,56.879963,154.876007,36.145996,39.384563,164.363632
2020/2/12,68.569893,36.107101,42.28133,57.411461,153.457993,37.222057,43.303181,175.125549
2020/2/13,69.01413,36.255936,42.439949,57.834686,160.800003,37.026409,46.62656,178.549789
2020/2/14,69.142464,36.573448,42.122715,57.765789,160.005997,40.694813,49.999546,176.103897
2020/2/18,69.92234,36.672668,42.380463,58.22839,171.679993,44.754513,51.983654,182.952377
2020/2/19,71.047729,37.337463,43.114071,59.419334,183.483994,45.096897,54.562996,179.528137
2020/2/20,70.682472,36.851273,42.947517,58.946892,179.882004,45.87949,53.372528,183.441559
2020/2/21,69.024002,36.126945,42.315033,57.68705,180.199997,46.026226,53.868557,189.800873
2020/2/24,65.973602,34.598919,40.722916,55.137836,166.757996,46.36861,52.975708,200.562775
2020/2/25,64.018967,33.834904,39.009853,53.24807,159.981995,46.417522,52.975708,206.432907
2020/2/26,63.495762,33.983738,38.742191,52.696892,155.759995,46.172962,51.58683,211.324677
2020/2/27,61.472034,33.755527,36.680168,50.895706,135.800003,49.69463,53.273327,217.194809
2020/2/28,62.321014,34.12265,36.571117,52.007912,133.598007,48.520741,56.051079,216.705627
2020/3/2,64.147308,34.670361,38.167202,53.228386,148.723999,49.401157,61.606579,226.489182
2020/3/3,62.627037,34.817207,37.532734,52.155552,149.102005,49.498978,61.606579,231.380951
2020/3/4,64.364479,36.732204,38.66288,53.927204,149.899994,49.401157,64.483543,232.84848
2020/3/5,62.962681,37.069561,37.423683,52.667358,144.908005,49.303333,63.987514,238.229446
2020/3/6,61.067287,37.392036,36.44125,51.28941,140.695999,49.988098,65.177979,239.696976
2020/3/9,56.052383,33.497547,33.755669,47.027592,121.599998,49.401157,64.086716,231.380951
2020/3/10,58.678295,33.815063,35.070206,49.261845,129.065994,49.401157,64.880363,235.783554
2020/3/11,55.341614,31.890141,33.616879,46.200821,126.846001,48.716389,67.558907,232.359314
2020/3/12,49.1026,27.504503,30.107479,40.383888,112.110001,48.765297,66.963676,223.064941
2020/3/13,51.560692,28.189138,31.723389,42.224442,109.323997,50.770695,67.062881,230.402603
2020/3/16,43.771797,24.309536,28.451916,35.649635,89.014,55.368423,69.939842,232.84848
2020/3/17,45.91399,26.338638,29.492838,37.627979,86.040001,54.781479,71.427917,232.84848
2020/3/18,42.162685,24.825493,27.272202,34.143726,72.244003,56.24884,70.73349,237.251083
2020/3/19,45.835018,26.800022,29.155777,37.214596,85.528,59.868332,69.939842,229.42424
2020/3/20,45.371037,26.948856,28.670013,37.253963,85.505997,63.879124,69.245407,228.445892
2020/3/23,46.545792,26.770256,28.699755,37.74609,86.858002,61.531342,69.046989,223.554123
2020/3/24,51.076973,29.756855,30.920391,41.486252,101,67.596436,68.947784,225.021652
2020/3/25,52.162876,30.550638,31.465635,43.100426,107.849998,74.346298,70.73349,217.68399
2020/3/26,54.275452,32.371372,32.962585,45.246098,105.632004,69.455093,74.602493,213.281387
2020/3/27,52.083897,31.116207,32.050537,43.070896,102.872002,72.389816,71.229515,215.72728
2020/3/30,52.827251,31.721462,32.704834,43.897667,100.426003,72.683289,72.221565,216.705627
2020/3/31,52.054283,31.036829,32.87336,43.307117,104.800003,68.183372,69.939842,212.792206
2020/4/1,48.490543,28.903542,30.739964,39.606331,96.311996,66.52037,69.344612,211.324677
2020/4/2,48.332596,29.851116,30.722118,39.852394,90.893997,69.161613,62.499432,216.216446
2020/4/3,47.483616,29.558413,30.494108,39.566959,96.001999,70.433334,58.035187,218.662338
2020/4/6,51.955566,31.542864,33.299644,43.484283,103.248001,70.726807,57.340748,219.640701
2020/4/7,52.587364,31.235271,32.972496,43.523655,109.089996,72.585457,58.233597,228.935074
2020/4/8,54.571606,32.306877,33.934113,45.285465,109.767998,69.944214,53.670143,219.15152
2020/4/9,55.736485,33.041122,34.697456,46.545311,114.599998,70.33551,54.265381,224.532471
2020/4/13,56.684181,33.269333,34.90564,47.096489,130.190002,70.628975,55.75346,224.043289
2020/4/14,59.537151,35.243866,36.471985,49.586651,141.977997,72.194168,55.55505,223.064941
2020/4/15,59.162018,34.777519,35.827602,48.779564,145.966003,73.759354,54.562996,224.043289
2020/4/16,60.168949,35.928501,36.134922,49.803185,149.042007,79.726616,55.55505,226
2020/4/17,61.126514,37.119171,37.086624,51.437042,150.778,81.780922,59.820885,227.5
2020/4/20,61.294338,38.260235,36.729736,51.96854,149.272003,79.628799,59.225651,223.5
2020/4/21,58.579578,37.456528,35.331924,49.81303,137.343994,81.389626,58.928036,229
2020/4/22,61.314083,38.617432,36.392673,51.594524,146.421997,83.150459,58.630417,233
2020/4/23,60.899464,38.473564,36.105179,51.190979,141.126007,82.661339,59.92009,229
2020/4/24,62.123573,39.748573,36.6306,52.224449,145.029999,82.465698,59.027241,231
2020/4/27,64.127563,41.589153,38.350605,54.763821,159.75,85.106941,58.928036,224
2020/4/28,62.202549,40.274452,38.008587,53.198856,153.824005,83.150459,64.781158,227
2020/4/29,65.450394,41.484966,40.070602,55.738232,160.102005,77.672318,65.376389,220.5
2020/4/30,64.848206,40.373672,39.10899,54.458702,156.376007,79.33532,64.880363,216.5
2020/5/1,62.084087,39.540203,37.056885,51.555157,140.264008,79.041855,62.797047,216.5
2020/5/4,64.097946,40.859863,37.691353,53.454765,152.238007,81.976578,65.971619,221
2020/5/5,65.095001,41.246834,38.137463,54.192955,153.641998,82.563522,67.261299,220.5
2020/5/6,65.934113,41.475044,38.861153,54.458702,156.516006,82.172218,68.848579,219.5
2020/5/7,69.102974,41.683411,39.21804,55.708702,156.007996,82.759163,69.046989,217
2020/5/8,70.623245,42.893929,40.625763,57.381931,163.884003,86.183006,71.92395,220.5
2020/5/11,70.820679,45.711849,40.714985,58.7402,162.257996,84.42218,69.939842,242.5
2020/5/12,69.517593,44.789078,39.753368,57.244137,161.882004,83.737404,71.527122,242.5
2020/5/13,68.135529,42.804626,39.069336,55.442955,158.192001,82.563522,71.527122,260
2020/5/14,69.152336,42.209293,39.266617,55.364212,160.666,82.563522,78.669922,252.5
2020/5/15,70.100037,44.541023,39.793026,57.17524,159.834,83.248283,77.777069,253.5
2020/5/18,70.909523,46.684231,41.944271,58.937054,162.725998,83.835228,81.24926,259
2020/5/19,71.561066,46.24765,41.73608,58.877995,161.602005,86.28083,83.630196,284.5
2020/5/20,73.180046,47.755836,42.876144,60.8465,163.112,85.596062,85.812714,312.5
2020/5/21,72.71608,47.805447,42.856316,61.003983,165.520004,83.835228,84.721451,321.5
2020/5/22,73.170181,49.174721,43.00502,61.771698,163.376007,84.226524,87.399994,323.5
2020/5/26,73.061592,47.636765,44.402832,61.909496,163.774002,82.661339,86.099998,322
2020/5/27,72.627228,45.791229,44.571362,61.525635,164.046005,78.063614,82.699997,306.5
2020/5/28,72.459404,44.937916,43.837757,60.777603,161.162003,77.281021,82.699997,311
2020/5/29,74.127747,45.979752,44.472225,61.830753,167,74.444115,79,317.5
2020/6/1,75.924431,47.041431,45.304966,63.779579,179.619995,75.128891,80.5,299
2020/6/2,76.496994,47.735992,45.572632,64.566978,176.311996,75.52018,81.800003,290
2020/6/3,77.089302,46.535397,46.375629,64.832726,176.591995,75.911476,79.800003,284
2020/6/4,75.569046,44.808922,45.612282,62.942959,172.876007,75.911476,81.699997,291.5
2020/6/5,76.536476,44.526138,46.425198,63.238235,177.132004,75.715836,89.800003,298.5
2020/6/8,78.244316,44.521175,46.970444,64.340599,189.983994,76.107132,96.5,305.5
2020/6/9,78.343033,44.956764,47.039837,64.57682,188.134003,75.618011,96,309.5
2020/6/10,79.833679,45.503483,47.426468,65.462646,205.009995,73.074577,92.300003,299
2020/6/11,75.144554,42.268826,44.085598,60.600437,194.567993,72.194168,94.400002,307
2020/6/12,75.796089,43.211441,44.48214,61.43705,187.056,71.118095,96.099998,289
2020/6/15,78.185074,45.453873,45.275223,63.622093,198.179993,75.128891,94.599998,292
2020/6/16,80.189072,46.088898,46.296322,65.639816,196.425995,76.204956,100,291
2020/6/17,80.929459,46.227806,45.879951,65.452805,198.358002,76.498421,100,292.5
2020/6/18,82.40036,46.823139,45.770901,66.56501,200.792007,76.204956,101.5,304.5
2020/6/19,82.716263,47.587154,45.473495,66.95871,200.179993,77.770142,111.5,315.5
2020/6/22,84.206917,50.821815,46.127789,70.167374,198.863998,76.889717,116,313
2020/6/23,84.552429,52.667355,46.177361,71.259895,200.356003,76.107132,118.5,302.5
2020/6/24,81.965996,50.911114,44.918339,68.208717,192.169998,77.378838,113.5,306.5
2020/6/25,83.318443,52.042252,45.820469,69.468559,197.195999,76.596252,120,301
2020/6/26,81.877159,50.127254,44.868767,67.883911,191.947998,75.128891,117.5,301.5
2020/6/29,81.788307,50.603523,45.661854,68.267769,201.869995,75.128891,129,294
2020/6/30,83.762672,51.754505,46.901051,70.187057,215.962006,80.020096,131,292
2020/7/1,86.714355,52.776497,47.059666,72.342575,223.925995,77.281021,144,301.5
2020/7/2,87.80027,53.639736,48.130329,73.759895,241.731995,75.52018,138.5,301
2020/7/6,91.107338,54.67165,49.775978,76.52565,274.31601,75.324539,138.5,300.5
2020/7/7,91.581184,55.71349,49.091946,77.59848,277.971985,72.487633,142,296
2020/7/8,94.562485,57.181984,49.607449,79.448875,273.175995,69.552917,128,267.5
2020/7/9,95.411469,57.013302,49.825546,79.803207,278.855988,71.020279,140.5,277.5
2020/7/10,96.112366,55.286831,50.72768,79.616203,308.929993,73.172409,132,283.5
2020/7/13,92.045158,54.106079,50.073383,76.909508,299.411987,74.248474,129,288.5
2020/7/14,92.400551,55.346363,50.440189,77.578796,303.359985,74.346298,131,289
2020/7/15,93.456833,57.127411,51.471195,79.655571,309.201996,73.954994,129,283.5
2020/7/16,92.46965,55.614262,51.064739,78.503998,300.127991,75.226715,123,271.5
2020/7/17,93.131065,56.695789,51.818172,79.399666,300.167999,75.128891,120.5,264.5
2020/7/20,97.672119,58.154362,53.632351,82.706749,328.600006,75.226715,132.5,272
2020/7/21,96.783653,56.636257,53.255638,81.220528,313.671997,76.107132,131,268.5
2020/7/22,96.675064,56.576725,53.424168,81.230377,318.466003,77.085373,138,268
2020/7/23,94.266327,54.840328,52.819443,79.202812,302.614014,76.30278,136.5,271.5
2020/7/24,92.696709,53.361912,51.89748,77.588638,283.399994,73.368057,126.5,261.5
2020/7/27,95.510185,55.872246,53.632351,80.679192,307.920013,74.052818,128,265.5
2020/7/28,93.910942,53.62981,52.561691,78.100449,295.298004,77.085373,132,258
2020/7/29,95.934677,53.30238,53.295292,78.809113,299.821991,76.107132,126,257
2020/7/30,96.655319,54.244991,52.645954,79.133919,297.497986,73.954994,123,259
2020/7/31,98.215073,53.282536,52.323765,79.104393,286.152008,74.639771,125.5,268.5
2020/8/3,100.27829,56.378277,53.334946,82.362267,297,76.596252,129.5,266.5
2020/8/4,100.426369,56.983536,53.572872,82.874077,297.399994,76.107132,133,269
2020/8/5,102.114456,57.628483,54.475006,84.261871,297.003998,76.204956,136,264.5
2020/8/6,101.887398,57.291126,53.681923,83.533531,297.915985,77.378838,134.5,261
2020/8/7,99.093666,55.743256,52.859097,81.191002,290.541992,79.237495,130,266
2020/8/10,97.010704,57.896381,52.541862,82.155571,283.713989,77.476662,127,257.5
2020/8/11,94.868515,55.81271,51.927223,80.295334,274.877991,76.498421,128,267
2020/8/12,97.139038,57.459805,53.02763,82.628014,310.951996,73.954994,119.5,258.5
2020/8/13,98.284172,58.948143,53.48365,84.409515,324.200012,71.215927,113,258
2020/8/14,97.760963,58.104752,53.384514,83.385887,330.141998,73.368057,120.5,265
2020/8/17,100.949577,60.486092,54.435352,86.250061,367.127991,73.857178,116,257
2020/8/18,102.144073,61.260033,54.772415,87.185104,377.417999,74.737595,118,260
2020/8/19,101.778809,62.361401,54.544403,87.460693,375.705994,75.81366,119.5,260.5
2020/8/20,103.881516,61.97443,54.901291,88.07093,400.365997,77.183197,121.5,271
2020/8/21,103.693954,62.480469,55.258179,88.415421,409.996002,76.987541,121.5,272
2020/8/24,103.2892,60.218193,55.862904,87.066994,402.839996,77.281021,127,272
2020/8/25,104.227036,60.585316,57.052532,88.090614,404.667999,77.770142,124.5,269.5
2020/8/26,107.859871,60.833374,58.162849,89.960701,430.634003,77.085373,123,278
2020/8/27,107.70192,59.811378,57.607693,89.340614,447.75,77.476662,127.5,272.5
2020/8/28,108.886551,60.406715,58.311554,90.905579,442.679993,75.52018,128,276
2020/8/31,111.02874,61.43367,59.967121,93.828812,498.320007,74.346298,124.5,264.5
2020/9/1,113.970543,61.418789,61.295536,95.679207,475.049988,75.031059,126.5,263
2020/9/2,113.003113,61.74622,61.61277,95.442986,447.369995,74.541939,130,268
2020/9/3,105.263573,57.549107,57.915009,88.395729,407,74.835419,125.5,270.5
2020/9/4,102.815353,55.86232,57.151669,85.679199,418.320007,73.66153,121.5,267
2020/9/8,97.978149,54.790718,54.802155,81.791397,330.209991,73.759354,121,269
2020/9/9,100.831116,56.914082,57.508553,85.216599,366.279999,74.15065,119,265
2020/9/10,99.55764,56.606491,56.705559,84.488251,371.339996,73.857178,121,267
2020/9/11,98.728409,56.715633,56.606419,84.005966,372.720001,73.759354,111,262
2020/9/14,101.768936,59.900681,58.024059,87.687065,419.619995,73.172409,114.5,260
2020/9/15,104.424469,61.04174,58.8568,90.383926,449.76001,73.465874,115.5,259
2020/9/16,103.693954,61.766064,58.480087,90.196915,441.76001,74.248474,116.5,253
2020/9/17,101.729454,61.180653,56.953396,87.893768,423.429993,75.52018,118,257
2020/9/18,101.818298,62.589615,56.68573,88.46463,442.149994,77.574493,125.5,265.5
2020/9/21,103.980232,61.04174,55.942215,89.15361,449.390015,76.987541,127.5,267
2020/9/22,105.59922,62.083576,55.644806,90.265816,424.230011,78.846199,126.5,266
2020/9/23,101.818298,59.603012,53.672009,86.565018,380.359985,81.878746,125.5,292.5
2020/9/24,101.680092,59.652622,53.602612,86.515816,387.790009,83.93306,131,290
2020/9/25,104.641647,61.865288,55.010342,89.32093,407.339996,85.79171,130,294
2020/9/28,106.458069,62.659069,56.556854,90.275658,421.200012,84.813469,133,303
2020/9/29,106.803589,63.740593,56.794781,91.30912,419.070007,85.889542,133.5,322
2020/9/30,107.208328,63.214714,56.893913,90.551247,429.01001,87.063423,134.5,344
2020/10/1,110.623985,64.256554,57.835705,93.051247,448.160004,87.94384,144,335.5
2020/10/2,108.64962,62.897202,56.864174,90.866211,415.089996,96.356712,140.5,343
2020/10/5,111.127457,66.727196,58.248108,94.37999,425.679993,105.650002,136.5,339
2020/10/6,110.396942,66.756958,58.033974,94.163452,413.980011,104.671761,138,339.5
2020/10/7,112.904388,69.634415,59.630058,97.647705,425.299988,104.18264,139,340
2020/10/8,114.434525,71.192215,60.095993,98.98629,425.920013,104.671761,152.5,338
2020/10/9,116.329918,73.236191,61.92009,101.141808,434,107.606483,150,331
2020/10/12,117.425697,72.720238,62.47525,100.718582,442.299988,103.69352,165,334
2020/10/13,119.666611,74.446709,62.356289,103.179214,446.649994,104.18264,171,329.5
2020/10/14,118.827507,72.759933,63.050232,102.135895,461.299988,106.628242,181,330
2020/10/15,117.652748,72.353111,62.623951,101.210709,448.880005,107.117363,175,329.5
2020/10/16,116.7939,73.107208,62.237324,101.141808,439.670013,107.606483,177.5,325
2020/10/19,116.477997,72.700394,61.473976,100.639839,430.829987,109.562958,172,321
2020/10/20,115.836327,70.81517,61.602856,99.242203,421.940002,106.139122,169.5,317
2020/10/21,116.00415,67.203468,61.374844,96.407547,422.640015,109.562958,172.5,326
2020/10/22,115.836327,68.751335,61.75156,97.027634,425.790009,110.052078,180,316
2020/10/23,117.02095,69.564964,61.880432,97.618179,420.630005,107.606483,177,347.5
2020/10/26,114.730682,68.572739,59.808502,95.669357,420.279999,101.247917,178,340.5
2020/10/27,116.675438,70.497658,59.967121,97.076843,424.679993,101.737038,173.5,322.5
2020/10/28,113.141312,67.818642,57.429249,93.257942,406.019989,105.650002,186,319
2020/10/29,115.500687,68.007164,58.683311,94.478416,410.829987,104.18264,174.5,320.5
2020/10/30,109.390007,65.228935,57.240891,89.360306,388.040009,106.139122,176.5,325
2020/11/2,109.765144,64.990799,58.033974,89.370148,400.51001,104.671761,176.5,328
2020/11/3,111.778999,66.558517,59.838242,91.692986,423.899994,105.650002,173,321
2020/11/4,117.248001,69.416122,60.944595,95.97448,420.980011,106.5,177,323
2020/11/5,120.377388,72.501953,63.050232,99.232353,438.089996,102.5,170,309.5
2020/11/6,123.556122,72.224129,62.851967,100.472519,429.950012,102,176.5,314.5
2020/11/9,115.984406,69.406204,62.177841,95.895737,421.26001,102.5,171.5,313.5
2020/11/10,111.551949,68.791023,60.780033,93.267784,410.359985,102.5,168.5,319
2020/11/11,116.112747,72.531715,61.701992,97.17527,417.130005,107.5,173.5,323
2020/11/12,116.566849,72.71032,61.75156,97.332748,411.76001,105.5,175,330
2020/11/13,116.862999,73.514015,62.554554,97.834717,408.5,101.5,178,336
2020/11/16,116.932106,73.107208,63.079975,97.972511,408.089996,102.5,182,339
2020/11/17,118.936096,73.900993,63.605396,99.635902,441.609985,102,200,372.5
2020/11/18,119.360588,73.692619,64.239868,99.429207,486.640015,99,209,399.5
2020/11/19,122.539314,74.506241,65.340271,101.633934,499.269989,104,205.5,373.5
2020/11/20,124.839462,75.855667,65.300613,103.248108,489.609985,99.199997,212.5,385.5
2020/11/23,127.346909,76.46093,66.777733,105.728424,521.849976,97.5,216,388
2020/11/24,127.55423,74.139122,67.868225,104.468582,555.380005,98.5,221,401.5
2020/11/25,131.019241,74.149048,68.33416,106.771736,574,94.699997,222,398
2020/11/27,132.885025,78.991112,69.127251,110.019768,585.76001,91.900002,220,437.5
2020/11/30,134.365799,81.064857,68.145805,110.600479,567.599976,89.599998,224,423.5
2020/12/1,133.467453,82.334915,69.117332,110.984337,584.76001,87.400002,219,407
2020/12/2,132.914642,82.225769,68.492775,110.570946,568.820007,86.300003,223,407
2020/12/3,134.563232,85.470345,69.295776,112.4804,593.380005,87.800003,221,413
2020/12/4,137.287872,88.9729,70.465576,115.344574,599.039978,85,216.5,399
2020/12/7,140.140839,93.92411,71.476761,118.779617,641.76001,85.300003,230.5,410
2020/12/8,141.819046,93.92411,71.863388,120.246147,649.880005,87.800003,253.5,413.5
2020/12/9,137.850555,91.066498,70.346611,118.090645,604.47998,87.300003,233.5,411.5
2020/12/10,142.213913,96.702339,70.267303,123.228432,627.070007,88.199997,238,400
2020/12/11,141.927643,95.114777,69.821198,121.91938,609.98999,88.300003,248,417
2020/12/14,142.569305,94.896492,70.594452,122.293396,639.830017,87.5,236,415
2020/12/15,142.835846,93.943954,71.675034,122.342613,633.25,87.300003,226,395
2020/12/16,143.704575,92.594528,71.357803,121.998116,622.77002,85.400002,233,408
2020/12/17,147.544724,93.358536,72.795265,124.08474,655.900024,85.400002,246,417
2020/12/18,148.897171,93.973717,73.340515,125.295372,695,87.099998,243.5,417
2020/12/21,150.081787,99.66909,74.044373,129.271744,649.859985,87.599998,254,406
2020/12/22,151.967316,104.709602,75.888298,132.923325,640.340027,86,265,397.5
2020/12/23,150.634613,104.39209,76.631813,132.834747,645.97998,88,286.5,421
2020/12/24,149.440125,102.298492,75.997345,130.935135,661.77002,92,288,426.5
2020/12/28,145.906006,100.830002,75.234001,127.756004,663.690002,91.400002,290,436.5
2020/12/29,145.089996,94.129997,74.379997,124.32,665.98999,93.199997,294.5,480
2020/12/30,147.610001,96.040001,76.550003,127.099998,694.780029,92.599998,286,461
2020/12/31,146.360001,93.260002,76.290001,124.489998,705.669983,91.5,295,478.5
2021/1/4,145.770004,93.139999,76.839996,124.690002,729.77002,91.699997,306,475
2021/1/5,149.710007,94.375,78.699997,127.760002,735.109985,90.199997,299,449
2021/1/6,148.039993,95.279999,79.089996,128.229996,755.97998,88.099998,291,430
2021/1/7,155.270004,103.379997,84.110001,138.380005,816.039978,89,280.5,427
2021/1/8,159.389999,105.860001,85.809998,142.479996,880.02002,87.699997,278.5,420
2021/1/11,154.970001,104.449997,84.239998,138.220001,811.190002,87.800003,295,405
2021/1/12,158.710007,104.339996,85.660004,140.990005,849.440002,91.599998,279.5,395
2021/1/13,159.399994,105.599998,86,141.720001,854.409973,90.5,273.5,399.5
2021/1/14,159.770004,109.300003,88.150002,145.279999,845,95,283.5,396.5
2021/1/15,156.669998,107.959999,85.709999,141.910004,826.159973,95.199997,293,420
2021/1/19,160.410004,111.870003,88.790001,146.130005,844.549988,,,
2021/1/20,163.830002,112.470001,89.589996,147.110001,850.450012,,,
2021/1/21,163.429993,109.540001,90.029999,144.809998,844.98999,,,
2021/1/22,164.809998,110.540001,90.57,146.080002,846.640015,,,
2021/1/25,166.169998,110.690002,92.339996,146.669998,880.799988,,,
2021/1/26,163.399994,105.25,92.160004,141.830002,883.090027,,,
2021/1/27,158.570007,100.709999,89.699997,138.350006,864.159973,,,
2021/1/28,160.979996,103.269997,89.519997,140.369995,835.429993,,,
2021/1/29,158.809998,101.93,87.25,137.440002,793.530029,,,
2021/2/1,164.509995,104.730003,91.120003,142.619995,839.809998,,,
2021/2/2,169.550003,107.980003,93.080002,146.889999,872.789978,,,
2021/2/3,171.080002,107.220001,93.910004,146.110001,854.690002,,,
2021/2/4,173.639999,108.93,94.589996,148.350006,849.98999,,,
2021/2/5,175.800003,108.904999,95.5,149.460007,852.22998,,,
2021/2/8,179.600006,112.230003,98.029999,153.309998,863.419983,,,
2021/2/9,183,112.010002,98.940002,154.929993,849.460022,,,
2021/2/10,182.330002,110.580002,97.610001,153.100006,804.820007,,,
2021/2/11,185.139999,110.959999,98.669998,154.570007,811.659973,,,
2021/2/12,187.470001,112.010002,99.199997,156.580002,816.119995,,,
2021/2/16,187.440002,109.639999,98.68,155.119995,796.219971,,,
2021/2/17,184.899994,107.889999,97.230003,152.169998,798.150024,,,
2021/2/18,181.360001,105.699997,94.699997,149.190002,787.380005,,,
2021/2/19,185.050003,107.459999,96.860001,152.610001,781.299988,,,
2021/2/22,175.289993,101.720001,93.349998,143.779999,714.5,,,
2021/2/23,170.160004,98.620003,89.790001,139.039993,698.840027,,,
2021/2/24,170.539993,98.839996,91,138.320007,742.02002,,,
2021/2/25,160.259995,93.129997,87.089996,129.509995,682.219971,,,
2021/2/26,160.889999,93.510002,86.019997,130.360001,675.5,,,
2021/3/1,168.330002,97.790001,89.449997,136.699997,718.429993,,,
2021/3/2,164.389999,95.959999,86.949997,133.509995,686.440002,,,
2021/3/3,156.149994,90.330002,83.889999,125.110001,653.200012,,,
2021/3/4,147.5,85.129997,80.279999,118.43,621.440002,,,
2021/3/5,146.070007,85.139999,80.410004,117.07,597.950012,,,
2021/3/8,138.360001,81.739998,77.279999,110.260002,563,,,
2021/3/9,151.149994,87.989998,82.724998,121.75,673.580017,,,
2021/3/10,150.600006,88.25,82.589996,121.190002,668.059998,,,
2021/3/11,159.399994,93.199997,86.720001,128.679993,699.599976,,,
2021/3/12,157.479996,91.800003,86.050003,126.68,,,,
2021/3/15,160.740005,93.860001,87.620003,128.880005,,,,
2021/3/16,157.929993,92.300003,85.75,126.019997,,,,
2021/3/17,159.809998,92.989998,87.360001,127.459999,,,,
