Date,TSLA,3557.TW,8046.TW,3443.TW
2016/3/14,43.029999,6.849056,31.233805,79.017952
2016/3/15,43.667999,6.95978,30.249357,75.684242
2016/3/16,44.386002,6.928144,30.786324,77.756546
2016/3/17,45.276001,7.02305,30.696831,76.405045
2016/3/18,46.548,7.007233,30.383596,78.02684
2016/3/21,47.664001,6.801603,30.696831,77.486244
2016/3/22,46.848,6.912327,30.249357,76.585243
2016/3/23,44.515999,6.706697,30.249357,79.288254
2016/3/24,45.549999,6.785785,30.56259,78.116943
2016/3/28,46.051998,6.706697,30.2941,76.675339
2016/3/29,46.026001,6.516885,30.338854,74.783234
2016/3/30,45.377998,6.327072,30.159859,74.152542
2016/3/31,45.953999,6.469432,30.652084,76.765442
2016/4/1,47.518002,6.469432,30.383596,75.774345
2016/4/4,49.397999,6.311255,30.249357,75.954536
2016/4/5,51.094002,6.295437,29.846624,76.49514
2016/4/6,53.084,6.295437,28.727936,74.332741
2016/4/7,51.439999,6.358707,28.862183,74.422836
2016/4/8,50.014,6.263802,28.862183,74.693138
2016/4/11,49.984001,6.200531,28.011976,73.161423
2016/4/12,49.563999,6.406161,28.548948,74.062431
2016/4/13,50.905998,6.247984,28.638445,73.341637
2016/4/14,50.372002,6.516885,28.325207,73.161423
2016/4/15,50.902,6.627609,28.325207,72.71093
2016/4/18,50.776001,6.453614,28.235716,72.350533
2016/4/19,49.473999,6.48525,27.922482,70.728722
2016/4/20,49.993999,6.928144,27.967228,70.45842
2016/4/21,49.658001,6.675062,27.519753,69.467323
2016/4/22,50.75,6.327072,27.430258,69.016815
2016/4/25,50.363998,6.247984,28.056726,69.197021
2016/4/26,50.748001,6.200531,28.101469,69.016815
2016/4/27,50.293999,6.168895,27.430258,68.205902
2016/4/28,49.542,6.168895,27.20652,68.025711
2016/4/29,48.152,6.073989,28.190968,66.223717
2016/5/2,48.360001,6.058171,28.146219,66.67421
2016/5/3,46.464001,5.979084,28.369957,65.502899
2016/5/4,44.512001,6.026536,28.011976,61.178089
2016/5/5,42.306,5.852542,27.117023,62.079094
2016/5/6,42.986,6.010719,26.893286,63.610798
2016/5/9,41.784,5.773454,25.953588,64.331604
2016/5/10,41.737999,5.899995,25.058638,63.430595
2016/5/11,41.792,5.536188,25.506111,62.169193
2016/5/12,41.456001,5.283105,25.506111,64.061302
2016/5/13,41.521999,5.283105,25.237629,64.241508
2016/5/16,41.658001,5.298923,25.237629,63.971199
2016/5/17,40.931999,5.219835,25.282375,64.241508
2016/5/18,42.234001,5.093294,25.148132,63.791004
2016/5/19,43.042,5.04584,26.132578,65.142509
2016/5/20,44.056,4.998388,26.401064,64.8722
2016/5/23,43.243999,4.84021,27.251268,66.944511
2016/5/24,43.582001,4.808575,26.848541,66.223717
2016/5/25,43.916,4.856028,26.893286,66.04351
2016/5/26,45.023998,4.950934,26.848541,66.584106
2016/5/27,44.608002,4.856028,26.938034,66.854401
2016/5/31,44.646,4.824393,26.848541,67.395012
2016/6/1,43.911999,4.808575,26.401064,65.953407
2016/6/2,43.792,4.808575,26.311567,66.04351
2016/6/3,43.798,null,null,null
2016/6/6,44.136002,4.697852,26.266821,66.584106
2016/6/7,46.467999,4.666216,26.624804,68.115814
2016/6/8,47.104,4.682034,26.44581,68.205902
2016/6/9,45.872002,4.602945,25.506111,67.830643
2016/6/10,43.757999,4.745304,25.908842,67.549179
2016/6/13,43.574001,4.745304,26.132578,67.080093
2016/6/14,42.992001,4.729486,25.953588,66.329544
2016/6/15,43.540001,4.729486,26.177326,66.986275
2016/6/16,43.585999,4.745304,26.759045,67.549179
2016/6/17,43.094002,5.219835,26.44581,68.862648
2016/6/20,43.939999,5.219835,26.44581,68.768829
2016/6/21,43.922001,5.409647,26.266821,68.299736
2016/6/22,39.332001,5.140746,25.59561,66.42337
2016/6/23,39.279999,5.140746,25.506111,67.736816
2016/6/24,38.630001,5.124929,26.08783,67.549179
2016/6/27,39.709999,5.219835,26.132578,68.956467
2016/6/28,40.358002,5.441282,26.043085,68.675003
2016/6/29,42.037998,5.583642,26.311567,70.26992
2016/6/30,42.456001,5.393829,26.222075,69.425552
2016/7/1,43.299999,5.441282,25.908842,71.489555
2016/7/5,42.796001,5.298923,25.862494,68.956467
2016/7/6,42.888,5.820907,25.90884,69.519363
2016/7/7,43.188,5.820907,25.90884,69.519363
2016/7/8,43.355999,6.327072,26.23328,69.144089
2016/7/11,44.956001,6.105625,26.047886,69.237915
2016/7/12,44.93,6.168895,26.604071,68.581184
2016/7/13,44.506001,6.232166,26.418673,68.393555
2016/7/14,44.306,6.247984,26.511374,68.487366
2016/7/15,44.080002,6.105625,26.55772,68.581184
2016/7/18,45.25,6.13726,26.604071,68.768829
2016/7/19,45.051998,5.884178,26.835814,69.331734
2016/7/20,45.672001,6.13726,27.067554,70.926643
2016/7/21,44.099998,6.13726,26.928509,72.615372
2016/7/22,44.453999,5.93163,26.55772,71.86483
2016/7/25,46.001999,5.93163,26.511374,71.583374
2016/7/26,45.902,5.947448,26.511374,72.990654
2016/7/27,45.698002,6.042354,26.279631,73.084465
2016/7/28,46.122002,6.042354,26.094234,71.958649
2016/7/29,46.958,5.93163,26.140587,72.521553
2016/8/1,46.001999,6.042354,26.835814,73.459747
2016/8/2,45.439999,6.232166,26.279631,73.084465
2016/8/3,45.158001,6.643426,26.047886,74.210281
2016/8/4,46.122002,6.516885,26.186934,72.521553
2016/8/5,46.006001,6.421978,25.955191,72.615372
2016/8/8,45.231998,6.34289,25.90884,72.896828
2016/8/9,45.816002,6.27962,25.862494,74.116463
2016/8/10,45.130001,6.327072,25.491705,74.585556
2016/8/11,44.981998,6.327072,25.352661,74.773193
2016/8/12,45.122002,6.27962,24.889174,74.397926
2016/8/15,45.118,6.469432,24.472034,74.116463
2016/8/16,44.722,6.501067,24.564734,72.896828
2016/8/17,44.647999,6.390343,24.564734,72.521553
2016/8/18,44.702,6.501067,24.750128,71.208099
2016/8/19,45,6.406161,24.332991,69.894646
2016/8/22,44.585999,6.247984,24.472034,70.176102
2016/8/23,44.967999,6.406161,24.472034,69.988464
2016/8/24,44.523998,6.501067,24.425688,70.176102
2016/8/25,44.192001,6.48525,24.518387,70.26992
2016/8/26,43.998001,6.722514,24.286642,69.988464
2016/8/29,43.040001,6.880692,24.193945,69.800827
2016/8/30,42.268002,7.418493,24.008549,69.425552
2016/8/31,42.402,8.25683,23.776808,70.832825
2016/9/1,40.153999,9.07935,23.313322,71.020454
2016/9/2,39.556,8.889537,22.942533,71.114281
2016/9/6,40.566002,8.699725,23.545065,71.86483
2016/9/7,40.341999,8.857901,24.286642,72.427734
2016/9/8,39.472,8.857901,24.332991,72.146286
2016/9/9,38.894001,9.126802,24.147596,72.333923
2016/9/12,39.66,null,null,null
2016/9/13,39.209999,8.652272,23.9622,70.645195
2016/9/14,39.282001,8.636454,23.823156,70.082275
2016/9/15,40.084,8.573183,23.591413,69.894646
2016/9/16,41.080002,8.478277,23.684111,71.86483
2016/9/19,41.268002,8.177741,23.730461,71.958649
2016/9/20,40.928001,8.161923,24.472034,71.958649
2016/9/21,41.043999,8.098654,24.332991,73.365921
2016/9/22,41.285999,8.035382,24.286642,72.990654
2016/9/23,41.490002,8.209376,24.054901,72.333923
2016/9/26,41.798,8.209376,24.054901,72.333923
2016/9/27,41.161999,8.209376,24.054901,72.333923
2016/9/28,41.254002,8.383371,23.869505,72.146286
2016/9/29,40.139999,8.146106,23.730461,71.301918
2016/9/30,40.806,8.003747,23.730461,71.301918
2016/10/3,42.740002,7.98793,23.776808,71.583374
2016/10/4,42.282001,7.798117,23.730461,71.86483
2016/10/5,41.692001,7.90884,23.730461,72.240105
2016/10/6,40.200001,7.782299,23.406019,72.427734
2016/10/7,39.321999,7.592487,22.942533,71.301918
2016/10/10,40.189999,7.513399,22.432701,71.395737
2016/10/11,40.02,7.465946,22.293653,71.771011
2016/10/12,40.301998,6.95978,21.922865,71.958649
2016/10/13,40.048,7.007233,22.432701,71.677193
2016/10/14,39.301998,6.95978,22.386351,71.208099
2016/10/17,38.792,6.95978,22.386351,71.395737
2016/10/18,39.82,7.655758,22.525394,72.615372
2016/10/19,40.712002,8.415007,22.293653,73.365921
2016/10/20,39.82,8.87372,22.247307,73.647377
2016/10/21,40.018002,8.478277,22.247307,74.960838
2016/10/24,40.551998,8.557366,22.108261,75.054649
2016/10/25,40.467999,8.446643,22.154608,76.180466
2016/10/26,40.448002,8.79463,22.108261,76.180466
2016/10/27,40.801998,8.66809,22.108261,75.52375
2016/10/28,39.993999,8.46246,22.47905,75.148468
2016/10/31,39.546001,8.225195,22.108261,74.116463
2016/11/1,38.158001,8.11447,21.598427,73.365921
2016/11/2,37.604,8.067018,21.459381,73.553558
2016/11/3,37.484001,7.90884,21.69112,73.928841
2016/11/4,38.112,7.63994,21.459381,72.70919
2016/11/7,38.641998,7.276133,20.85685,69.425552
2016/11/8,38.987999,7.90884,21.227636,71.771011
2016/11/9,38.012001,7.434311,21.598427,71.301918
2016/11/10,37.07,7.434311,21.18129,70.832825
2016/11/11,37.712002,7.592487,21.227636,70.457558
2016/11/14,36.290001,7.592487,22.154608,70.645195
2016/11/15,36.754002,7.591733,21.922865,70.082275
2016/11/16,36.785999,7.591733,22.247307,71.771011
2016/11/17,37.731998,7.591733,22.293653,71.86483
2016/11/18,37.004002,7.591733,22.340002,71.86483
2016/11/21,36.903999,7.591733,22.432701,71.86483
2016/11/22,38.234001,7.591733,22.247307,71.301918
2016/11/23,38.627998,7.591733,22.293653,71.395737
2016/11/25,39.330002,7.591733,22.47905,73.365921
2016/11/28,39.223999,7.591733,22.525394,72.240105
2016/11/29,37.914001,7.591733,22.432701,71.86483
2016/11/30,37.880001,7.591733,22.47905,72.052467
2016/12/1,36.375999,8.329801,22.200958,71.395737
2016/12/2,36.293999,7.792796,21.969215,71.208099
2016/12/5,37.360001,7.680399,21.969215,72.803009
2016/12/6,37.169998,7.680399,22.154608,73.553558
2016/12/7,38.630001,7.742842,22.386351,73.553558
2016/12/8,38.458,7.318235,22.247307,73.084465
2016/12/9,38.436001,7.018511,22.340002,72.803009
2016/12/12,38.486,7.330723,22.247307,72.803009
2016/12/13,39.630001,7.218327,22.571745,74.022659
2016/12/14,39.737999,7.230815,22.432701,73.741196
2016/12/15,39.515999,7.118419,24.657431,73.928841
2016/12/16,40.498001,6.993535,23.915855,72.803009
2016/12/19,40.546001,7.093443,23.823156,72.990654
2016/12/20,41.757999,7.093443,23.174274,72.70919
2016/12/21,41.540001,7.792796,22.710793,72.240105
2016/12/22,41.689999,7.680399,22.664442,72.521553
2016/12/23,42.667999,7.530538,22.293653,72.70919
2016/12/27,43.905998,7.580492,22.340002,72.427734
2016/12/28,43.948002,7.642934,22.293653,74.3041
2016/12/29,42.936001,7.617958,22.98888,73.647377
2016/12/30,42.737999,7.51805,22.849836,73.647377
2017/1/3,43.397999,7.393166,22.80349,74.022659
2017/1/4,45.397999,7.493073,23.035231,75.054649
2017/1/5,45.349998,7.430631,23.359671,75.52375
2017/1/6,45.801998,7.430631,23.359671,75.992836
2017/1/9,46.256001,7.393166,23.12793,75.054649
2017/1/10,45.973999,7.555516,23.12793,74.960838
2017/1/11,45.945999,7.405654,22.942533,75.71138
2017/1/12,45.917999,7.44312,23.174274,74.86702
2017/1/13,47.549999,7.580492,23.081579,74.397926
2017/1/17,47.116001,7.44312,22.618095,74.116463
2017/1/18,47.672001,7.530538,22.710793,74.773193
2017/1/19,48.751999,7.530538,22.80349,74.679375
2017/1/20,48.945999,7.493073,22.757139,74.3041
2017/1/23,49.784,7.480584,22.710793,74.585556
2017/1/24,50.922001,7.3557,22.896187,75.054649
2017/1/25,50.894001,7.393166,23.035231,74.86702
2017/1/26,50.501999,7.293258,23.313322,75.336113
2017/1/27,50.59,7.230815,23.869505,74.491745
2017/1/30,50.125999,7.255792,23.684111,75.805199
2017/1/31,50.386002,7.268281,23.684111,76.180466
2017/2/1,49.848,7.792796,23.406019,75.899017
2017/2/2,50.310001,7.655424,23.266975,77.400116
2017/2/3,50.265999,7.493073,23.266975,78.338295
2017/2/6,51.554001,7.51805,23.359671,85.374664
2017/2/7,51.495998,7.51805,23.313322,87.25103
2017/2/8,52.416,7.405654,23.869505,87.43866
2017/2/9,53.84,7.280769,23.776808,86.125214
2017/2/10,53.846001,7.305746,23.823156,86.406662
2017/2/13,56.119999,null,null,null
2017/2/14,56.195999,7.305746,24.101246,91.003761
2017/2/15,55.952,7.293258,23.730461,91.941948
2017/2/16,53.790001,7.143396,23.545065,92.692497
2017/2/17,54.445999,7.180861,23.498716,96.632866
2017/2/21,55.478001,7.430631,23.359671,95.694687
2017/2/22,54.702,7.280769,23.174274,95.694687
2017/2/23,51.198002,7.330723,23.359671,98.040138
2017/2/24,51.400002,7.293258,23.12793,99.447411
2017/2/27,49.245998,7.51805,23.081579,100.854683
2017/2/28,49.998001,7.867727,23.591413,102.261971
2017/3/1,50.004002,7.630446,23.220625,102.261971
2017/3/2,50.096001,7.680399,22.896187,104.607422
2017/3/3,50.313999,7.742842,23.174274,103.20015
2017/3/6,50.242001,7.055977,22.896187,98.509232
2017/3/7,49.717999,7.305746,23.035231,104.607422
2017/3/8,49.374001,7.243304,22.942533,101.792877
2017/3/9,48.98,7.155885,23.174274,102.261971
2017/3/10,48.737999,6.931093,23.684111,102.261971
2017/3/13,49.234001,6.993535,23.776808,100.854683
2017/3/14,51.599998,6.968557,23.545065,100.854683
2017/3/15,51.146,6.918603,23.637762,99.916504
2017/3/16,52.41,6.86865,23.498716,98.509232
2017/3/17,52.299999,6.931093,24.008549,95.694687
2017/3/20,52.383999,6.968557,24.008549,97.101959
2017/3/21,50.136002,6.981047,23.498716,95.225594
2017/3/22,51.001999,6.881139,23.637762,97.571045
2017/3/23,50.956001,6.918603,23.637762,96.163773
2017/3/24,52.632,6.981047,24.008549,95.225594
2017/3/27,54.043999,7.006023,24.564734,98.040138
2017/3/28,55.490002,6.956069,24.842825,95.225594
2017/3/29,55.476002,6.943581,24.286642,96.632866
2017/3/30,55.584,6.981047,24.379337,93.818314
2017/3/31,55.66,6.843674,24.147596,91.003761
2017/4/3,59.703999,6.656346,24.564734,91.191399
2017/4/4,60.740002,6.806208,27.021206,91.472855
2017/4/5,59,6.7063,24.935522,90.065582
2017/4/6,59.740002,6.618882,24.981871,90.440857
2017/4/7,60.507999,6.656346,24.981871,92.598671
2017/4/10,62.478001,6.618882,24.564734,90.628494
2017/4/11,61.742001,6.693811,23.915855,89.784119
2017/4/12,59.368,6.606392,23.9622,93.724503
2017/4/13,60.799999,6.606392,24.008549,94.756493
2017/4/17,60.287998,6.593904,24.147596,94.756493
2017/4/18,60.049999,6.568928,24.332991,95.225594
2017/4/19,61.104,6.743765,24.193945,99.916504
2017/4/20,60.501999,6.618882,24.518387,98.978325
2017/4/21,61.119999,6.506485,24.425688,95.225594
2017/4/24,61.605999,6.319158,24.564734,96.163773
2017/4/25,62.757999,6.21925,24.703779,96.632866
2017/4/26,62.034,6.081877,24.379337,96.632866
2017/4/27,61.726002,6.281693,24.193945,95.225594
2017/4/28,62.813999,6.21925,23.823156,94.756493
2017/5/1,64.566002,6.094367,24.101246,99.447411
2017/5/2,63.778,6.106854,23.684111,97.571045
2017/5/3,62.203999,6.206762,23.637762,100.385597
2017/5/4,59.091999,6.269204,23.498716,98.040138
2017/5/5,61.669998,6.194274,23.637762,95.694687
2017/5/8,61.438,6.244227,23.313322,92.973946
2017/5/9,64.251999,6.031923,23.081579,94.287399
2017/5/10,65.043999,6.094367,23.220625,93.067764
2017/5/11,64.620003,6.394089,23.313322,93.34922
2017/5/12,64.961998,6.406578,23.220625,91.941948
2017/5/15,63.175999,6.506485,23.220625,92.035767
2017/5/16,63.402,6.456532,23.359671,96.163773
2017/5/17,61.222,6.281693,23.220625,94.756493
2017/5/18,62.612,6.294181,23.591413,95.694687
2017/5/19,62.166,6.206762,23.313322,96.632866
2017/5/22,62.07,6.244227,23.266975,97.571045
2017/5/23,60.771999,null,null,null
2017/5/24,62.043999,6.30667,23.637762,97.101959
2017/5/25,63.366001,6.369112,23.452368,106.483788
2017/5/26,65.028,6.356624,23.313322,116.803802
2017/5/30,67.019997,6.406578,23.452368,118.680168
2017/5/31,68.202003,6.356624,23.359671,117.741982
2017/6/1,68.073997,6.369112,23.174274,117.741982
2017/6/2,67.970001,6.369112,23.174274,114.927437
2017/6/5,69.463997,6.269204,22.80349,111.643791
2017/6/6,70.57,6.256716,22.757139,112.112885
2017/6/7,71.93,6.331646,22.896187,118.211075
2017/6/8,74,6.419066,22.849836,114.927437
2017/6/9,71.463997,6.419066,23.035231,112.58197
2017/6/12,71.802002,6.431554,23.174274,115.865616
2017/6/13,75.190002,6.269204,23.266975,117.272896
2017/6/14,76.132004,6.294181,23.035231,114.927437
2017/6/15,75.068001,6.344135,23.220625,118.680168
2017/6/16,74.279999,6.30667,23.266975,117.272896
2017/6/19,73.959999,6.30667,23.081579,124.778351
2017/6/20,74.447998,6.281693,23.266975,121.49472
2017/6/21,75.279999,6.294181,23.776808,121.02562
2017/6/22,76.522003,6.331646,23.869505,119.618347
2017/6/23,76.690002,6.30667,23.637762,114.458336
2017/6/26,75.498001,6.30667,23.359671,116.334709
2017/6/27,72.473999,6.30667,23.266975,118.680168
2017/6/28,74.248001,6.331646,23.266975,117.272896
2017/6/29,72.150002,6.369112,23.359671,116.334709
2017/6/30,72.321999,6.30667,23.313322,121.963814
2017/7/3,70.524002,6.256716,23.452368,132.283813
2017/7/5,65.417999,6.269204,23.545065,135.098358
2017/7/6,61.765999,6.269204,23.313322,143.542023
2017/7/7,62.644001,6.244227,23.313322,143.072937
2017/7/10,63.209999,6.21925,23.266975,152.923859
2017/7/11,65.444,6.194274,23.313322,158.552948
2017/7/12,65.903999,6.194274,23.409065,160.429321
2017/7/13,64.681999,6.206762,23.456938,155.738403
2017/7/14,65.556,6.156808,23.16971,153.392944
2017/7/17,63.914001,6.231739,23.16971,168.40387
2017/7/18,65.648003,6.194274,22.978224,169.811142
2017/7/19,65.052002,6.194274,23.073965,171.21843
2017/7/20,65.984001,6.14432,22.786737,161.836578
2017/7/21,65.68,6.181785,22.643124,161.836578
2017/7/24,68.503998,6.181785,22.738867,163.243866
2017/7/25,67.919998,6.156808,23.26545,171.21843
2017/7/26,68.769997,6.156808,22.978224,161.836578
2017/7/27,66.891998,6.169297,22.930353,164.182068
2017/7/28,67.014,6.194274,22.786737,167.934799
2017/7/31,64.694,6.156808,22.738867,164.651154
2017/8/1,63.914001,5.944505,22.786737,168.872955
2017/8/2,65.178001,5.981969,22.355898,158.552948
2017/8/3,69.417999,6.044413,22.355898,162.774765
2017/8/4,71.382004,5.994459,22.212284,157.145676
2017/8/7,71.033997,6.119343,22.355898,163.243866
2017/8/8,73.043999,6.106854,23.073965,159.96022
2017/8/9,72.706001,6.181785,23.16971,158.552948
2017/8/10,71.080002,6.031923,23.409065,160.429321
2017/8/11,71.573997,6.094367,23.409065,159.022034
2017/8/14,72.760002,6.019435,23.361195,166.058426
2017/8/15,72.466003,6.006947,23.552681,169.342056
2017/8/16,72.582001,6.056901,23.456938,172.625687
2017/8/17,70.384003,6.119343,23.26545,189.512985
2017/8/18,69.491997,6.731277,23.361195,189.0439
2017/8/21,67.571999,6.781231,23.26545,200.771194
2017/8/22,68.269997,7.305746,23.313322,212.029388
2017/8/23,70.554001,8.030076,23.552681,207.807571
2017/8/24,70.585999,8.829338,23.839907,198.42572
2017/8/25,69.610001,8.929245,24.079264,199.833008
2017/8/28,69.132004,8.741919,24.318619,195.611176
2017/8/29,69.472,8.554592,24.175005,201.709366
2017/8/30,70.636002,7.867727,23.983521,187.636627
2017/8/31,71.18,7.617958,24.175005,194.673004
2017/9/1,71.080002,7.543026,24.318619,191.858459
2017/9/5,69.917999,7.59298,23.839907,192.327545
2017/9/6,68.905998,7.493073,23.648422,190.451187
2017/9/7,70.122002,7.617958,23.60055,187.636627
2017/9/8,68.68,7.44312,23.648422,168.872955
2017/9/11,72.737999,7.493073,23.552681,176.378418
2017/9/12,72.550003,7.430631,23.361195,184.352997
2017/9/13,73.246002,7.343212,23.409065,180.131165
2017/9/14,75.528,7.330723,23.456938,189.512985
2017/9/15,75.961998,7.143396,22.978224,194.203918
2017/9/18,77,7.855238,22.882481,180.600266
2017/9/19,75.019997,7.642934,22.690996,171.6875
2017/9/20,74.781998,7.630446,22.738867,178.254791
2017/9/21,73.295998,7.530538,22.83461,184.822083
2017/9/22,70.218002,8.279846,22.83461,180.600266
2017/9/25,68.998001,8.279846,23.552681,212.498474
2017/9/26,69.050003,8.279846,23.361195,211.560287
2017/9/27,68.194,8.279846,23.696293,212.498474
2017/9/28,67.919998,8.279846,23.504807,212.967575
2017/9/29,68.220001,8.279846,23.504807,211.560287
2017/10/2,68.306,8.279846,23.456938,215.78212
2017/10/3,69.627998,8.279846,23.456938,234.545792
2017/10/4,71.001999,16.484762,23.60055,239.236694
2017/10/5,71.066002,15.298358,23.361195,263.16037
2017/10/6,71.375999,15.485685,23.361195,278.640411
2017/10/9,68.587997,14.861262,23.839907,291.774933
2017/10/10,71.117996,14.361724,23.935648,272.542206
2017/10/11,70.919998,14.673935,23.60055,287.084045
2017/10/12,71.136002,14.736378,23.935648,281.454956
2017/10/13,71.113998,14.673935,26.329214,275.825867
2017/10/16,70.120003,14.736378,26.5207,289.429535
2017/10/17,71.150002,14.424166,26.472828,275.35675
2017/10/18,71.93,14.486609,26.089857,281.924042
2017/10/19,70.362,14.54905,26.137728,281.454956
2017/10/20,69.019997,14.673935,26.568571,282.393158
2017/10/23,67.403999,15.048589,26.807928,276.764038
2017/10/24,67.468002,15.111032,26.807928,266.444
2017/10/25,65.167999,14.986146,26.807928,272.07309
2017/10/26,65.234001,14.861262,26.424957,269.727661
2017/10/27,64.174004,14.611492,27.573866,271.604004
2017/10/30,64.015999,14.54905,26.999414,259.87674
2017/10/31,66.306,14.424166,27.23877,246.273071
2017/11/1,64.216003,14.54905,25.946245,242.051239
2017/11/2,59.852001,14.174397,25.371788,249.087631
2017/11/3,61.217999,14.486609,24.605848,253.309448
2017/11/6,60.556,14.236838,24.653719,255.654892
2017/11/7,61.209999,14.236838,24.510107,271.134918
2017/11/8,60.877998,13.98707,24.462233,260.345825
2017/11/9,60.598,14.111955,24.653719,263.629456
2017/11/10,60.598,14.111955,24.701591,265.505829
2017/11/13,63.080002,13.862185,24.605848,261.753113
2017/11/14,61.740002,13.799744,24.940947,265.036743
2017/11/15,62.259998,14.236838,25.08456,261.753113
2017/11/16,62.5,14.111955,24.605848,253.309448
2017/11/17,63.009998,13.98707,24.653719,258.938538
2017/11/20,61.748001,13.799744,24.270748,264.567627
2017/11/21,63.562,13.737301,24.510107,250.964005
2017/11/22,62.52,13.799744,24.988817,240.643967
2017/11/24,63.110001,13.237763,25.08456,242.051239
2017/11/27,63.362,13.237763,25.08456,229.854874
2017/11/28,63.509998,13.362647,25.08456,244.396713
2017/11/29,61.507999,13.300204,24.510107,252.371277
2017/11/30,61.77,13.300204,24.510107,277.233093
2017/12/1,61.306,13.237763,24.557976,269.258575
2017/12/4,61.040001,13.362647,24.893074,271.134918
2017/12/5,60.740002,13.362647,25.08456,266.444
2017/12/6,62.652,13.237763,25.276045,274.418579
2017/12/7,62.248001,13.300204,25.371788,263.629456
2017/12/8,63.026001,13.300204,25.276045,264.098572
2017/12/11,65.781998,13.300204,25.08456,259.407623
2017/12/12,68.206001,13.300204,25.180302,265.974915
2017/12/13,67.806,13.237763,24.893074,271.134918
2017/12/14,67.578003,13.237763,25.371788,262.691284
2017/12/15,68.690002,13.487532,24.940947,236.42215
2017/12/18,67.774002,13.487532,24.74946,245.80397
2017/12/19,66.220001,13.425089,25.03669,244.865799
2017/12/20,65.795998,13.425089,24.988817,239.236694
2017/12/21,66.332001,14.736378,26.089857,248.149429
2017/12/22,65.040001,16.17255,25.754759,254.24765
2017/12/26,63.458,17.733606,25.467531,260.814911
2017/12/27,62.327999,18.045818,25.563274,271.604004
2017/12/28,63.071999,16.984299,25.276045,263.629456
2017/12/29,62.27,15.985224,25.323919,263.629456
2018/1/2,64.106003,15.985224,25.180302,246.273071
2018/1/3,63.450001,16.359877,25.419657,244.396713
2018/1/4,62.924,15.92278,26.472828,246.273071
2018/1/5,63.316002,16.484762,26.5207,263.629456
2018/1/8,67.281998,16.734531,26.041986,274.887665
2018/1/9,66.737999,16.734531,25.898371,270.196716
2018/1/10,66.959999,16.484762,25.563274,278.640411
2018/1/11,67.589996,16.17255,25.276045,287.553131
2018/1/12,67.244003,16.047665,25.276045,316.167725
2018/1/16,68.012001,16.672089,24.988817,318.982269
2018/1/17,69.431999,16.484762,24.893074,336.807739
2018/1/18,68.914001,16.672089,24.797331,320.389557
2018/1/19,70.003998,18.295588,24.940947,337.745911
2018/1/22,70.311996,20.106413,25.276045,333.993225
2018/1/23,70.557999,21.605028,25.323919,326.956818
2018/1/24,69.178001,21.043049,25.08456,337.276825
2018/1/25,67.528,23.103642,25.659016,323.204071
2018/1/26,68.57,23.665623,25.659016,332.116852
2018/1/29,69.905998,24.41493,25.467531,319.920441
2018/1/30,69.164001,22.354334,24.318619,288.022247
2018/1/31,70.862,22.104567,24.462233,276.764038
2018/2/1,69.849998,20.605951,24.557976,258.469452
2018/2/2,68.75,19.169779,24.031393,264.567627
2018/2/5,66.625999,21.043049,24.270748,253.309448
2018/2/6,66.793999,23.103642,25.08456,278.640411
2018/2/7,69,22.978758,25.611143,298.342224
2018/2/8,63.046001,23.103642,26.137728,289.429535
2018/2/9,62.084,21.605028,26.616442,289.89856
2018/2/12,63.146,21.91724,26.5207,290.836761
2018/2/13,64.732002,21.480143,29.105749,290.836761
2018/2/14,64.461998,22.354334,28.627035,294.589508
2018/2/15,66.814003,22.354334,31.25996,303.971344
2018/2/16,67.098,22.042124,31.786545,306.785889
2018/2/20,66.954002,21.854797,30.541889,317.105896
2018/2/21,66.660004,21.542585,32.83971,314.760468
2018/2/22,69.234001,21.292818,32.935452,326.487732
2018/2/23,70.410004,21.292818,33.031197,300.687714
2018/2/26,71.484001,21.4177,32.456745,311.476807
2018/2/27,70.197998,21.292818,31.595058,303.971344
2018/2/28,68.612,21.230373,31.547184,304.44043
2018/3/1,66.185997,21.167933,30.158918,302.095001
2018/3/2,67.024002,21.792355,30.158918,308.193176
2018/3/5,66.669998,21.729912,30.350405,302.095001
2018/3/6,65.639999,21.167933,30.972729,318.513184
2018/3/7,66.459999,21.10549,30.637632,315.229553
2018/3/8,65.82,20.668394,29.345106,309.600464
2018/3/9,65.433998,20.730837,29.680204,303.502228
2018/3/12,69.101997,20.918163,31.307831,314.760468
2018/3/13,68.367996,21.4177,31.212084,305.378601
2018/3/14,65.325996,21.355261,34.180107,299.280396
2018/3/15,65.120003,21.230373,32.265255,297.404022
2018/3/16,64.269997,21.292818,31.403572,289.89856
2018/3/19,62.712002,21.043049,30.972729,293.182251
2018/3/20,62.110001,21.480143,29.82382,289.89856
2018/3/21,63.306,21.480143,30.158918,290.836761
2018/3/22,61.82,21.4177,29.392979,287.084045
2018/3/23,60.307999,20.980606,29.057877,280.98584
2018/3/26,60.835999,21.167933,29.297235,295.527679
2018/3/27,55.835999,20.918163,29.728075,296.465851
2018/3/28,51.556,20.668394,28.244066,280.516785
2018/3/29,53.226002,20.730837,28.244066,252.840363
2018/4/2,50.495998,21.230373,28.72278,244.396713
2018/4/3,53.506001,21.355261,28.339811,228.916672
2018/4/4,57.388,21.230373,26.999414,229.385788
2018/4/5,61.144001,21.167933,26.472828,223.756683
2018/4/6,59.860001,21.167933,26.089857,226.102127
2018/4/9,57.931999,20.730837,25.467531,226.102127
2018/4/10,60.939999,20.980606,25.515402,242.051239
2018/4/11,60.186001,20.605951,25.706888,264.567627
2018/4/12,58.816002,20.668394,25.467531,252.840363
2018/4/13,60.068001,20.605951,25.611143,242.989441
2018/4/16,58.242001,20.605951,24.988817,252.840363
2018/4/17,57.537998,20.668394,24.653719,264.098572
2018/4/18,58.669998,20.668394,25.03669,257.53125
2018/4/19,60.015999,20.793278,25.08456,267.382202
2018/4/20,58.048,22.042124,25.08456,262.691284
2018/4/23,56.674,21.979683,24.605848,266.444
2018/4/24,56.692001,21.542585,24.079264,264.098572
2018/4/25,56.138,21.355261,24.127134,256.593079
2018/4/26,57.096001,21.605028,24.127134,250.964005
2018/4/27,58.816002,21.542585,24.175005,247.680344
2018/4/30,58.779999,21.355261,23.983521,242.52034
2018/5/1,59.984001,21.792355,24.270748,250.025803
2018/5/2,60.23,21.729912,24.605848,245.80397
2018/5/3,56.889999,21.854797,24.510107,251.902161
2018/5/4,58.818001,21.91724,25.180302,255.185806
2018/5/7,60.554001,21.854797,24.893074,258.469452
2018/5/8,60.394001,22.728989,24.653719,249.556702
2018/5/9,61.369999,22.354334,24.270748,241.113068
2018/5/10,61.004002,21.979683,24.031393,237.360336
2018/5/11,60.212002,22.167007,24.175005,239.236694
2018/5/14,58.394001,21.979683,24.270748,252.633957
2018/5/15,56.835999,22.167007,25.611143,266.509674
2018/5/16,57.296001,22.479219,25.323919,285.170135
2018/5/17,56.908001,22.291895,25.611143,299.524353
2018/5/18,55.363998,22.479219,26.041986,296.653503
2018/5/21,56.897999,22.416777,25.850502,288.51944
2018/5/22,55.001999,22.167007,25.754759,288.040985
2018/5/23,55.813999,22.479219,25.946245,275.600677
2018/5/24,55.57,22.354334,25.611143,273.686768
2018/5/25,55.77,22.479219,25.467531,267.945099
2018/5/29,56.751999,21.542585,25.323919,285.648621
2018/5/30,58.344002,21.854797,25.898371,296.653503
2018/5/31,56.945999,21.605028,25.371788,281.820831
2018/6/1,58.363998,21.854797,25.754759,290.911835
2018/6/4,59.348,21.542585,25.467531,295.696564
2018/6/5,58.226002,21.292818,26.377087,276.079163
2018/6/6,63.900002,21.542585,25.802629,270.815948
2018/6/7,63.217999,21.480143,27.765352,266.509674
2018/6/8,63.532001,21.043049,26.807928,257.418701
2018/6/11,66.419998,21.292818,26.664312,261.724945
2018/6/12,68.554001,21.230373,26.760056,265.552734
2018/6/13,68.956001,20.980606,25.980164,256.940216
2018/6/14,71.543999,20.730837,25.980164,267.945099
2018/6/15,71.634003,20.481066,25.736446,261.24649
2018/6/18,74.166,20.168856,26.028906,264.11734
2018/6/19,70.510002,20.106413,25.931421,255.504807
2018/6/20,72.444,20.106413,25.882675,261.724945
2018/6/21,69.501999,19.981529,25.833935,266.031189
2018/6/22,66.725998,19.544432,25.980164,275.600677
2018/6/25,66.601997,20.793278,26.51634,279.906952
2018/6/26,68.400002,20.543509,26.175138,280.385406
2018/6/27,68.900002,20.106413,25.736446,294.739624
2018/6/28,69.986,19.856644,26.175138,299.045868
2018/6/29,68.589996,19.919086,25.736446,312.9216
2018/7/2,67.014,19.981529,25.882675,309.093811
2018/7/3,62.172001,20.043972,25.63896,300.002808
2018/7/5,61.832001,20.231298,25.785191,311.964661
2018/7/6,61.779999,20.106413,25.833935,305.266052
2018/7/9,63.702,20.605951,26.126392,304.787567
2018/7/10,64.494003,20.605951,26.07765,314.357025
2018/7/11,63.792,20.293739,26.711311,292.825714
2018/7/12,63.341999,20.293739,26.418854,317.227875
2018/7/13,63.773998,19.919086,26.418854,343.06543
2018/7/16,62.02,19.981529,26.07765,339.716125
2018/7/17,64.538002,20.168856,26.418854,327.275818
2018/7/18,64.769997,20.231298,26.223879,302.395203
2018/7/19,64.045998,20.356184,26.760056,304.309082
2018/7/20,62.716,20.043972,27.491205,291.868774
2018/7/23,60.639999,20.106413,27.539949,298.567413
2018/7/24,59.486,20.106413,28.124868,290.43335
2018/7/25,61.748001,19.981529,28.661043,275.600677
2018/7/26,61.330002,20.043972,29.050989,284.691681
2018/7/27,59.436001,20.481066,29.440935,272.251373
2018/7/30,58.034,20.106413,29.245964,271.772888
2018/7/31,59.627998,20.293739,28.563557,266.031189
2018/8/1,60.167999,20.356184,27.198746,270.337463
2018/8/2,69.907997,20.293739,27.442461,280.385406
2018/8/3,69.634003,20.106413,27.539949,274.643738
2018/8/6,68.398003,20.106413,28.90476,275.600677
2018/8/7,75.914001,19.919086,28.709787,271.294434
2018/8/8,74.068001,19.794201,28.856018,281.820831
2018/8/9,70.489998,20.481066,28.563557,292.825714
2018/8/10,71.098,19.919086,28.076122,299.045868
2018/8/13,71.281998,19.981529,28.076122,290.43335
2018/8/14,69.528,19.981529,27.978638,299.524353
2018/8/15,67.737999,19.981529,27.881153,287.084045
2018/8/16,67.089996,20.043972,29.245964,291.868774
2018/8/17,61.099998,20.293739,31.683128,320.577179
2018/8/20,61.688,19.981529,30.220829,324.404968
2018/8/21,64.379997,19.981529,30.025854,330.146637
2018/8/22,64.328003,19.981529,30.562033,305.266052
2018/8/23,64.019997,19.981529,30.513287,300.002808
2018/8/24,64.564003,19.919086,30.367058,282.299316
2018/8/27,63.854,20.106413,31.780611,277.993042
2018/8/28,62.372002,19.919086,33.145424,293.304199
2018/8/29,61.001999,19.919086,33.437881,298.567413
2018/8/30,60.630001,19.981529,32.170559,280.385406
2018/8/31,60.332001,19.981529,32.073071,281.820831
2018/9/4,57.790001,20.043972,31.195694,269.858978
2018/9/5,56.147999,20.231298,30.367058,287.084045
2018/9/6,56.189999,21.4177,30.708261,277.993042
2018/9/7,52.647999,21.10549,29.148476,275.600677
2018/9/10,57.099998,21.854797,28.661043,269.858978
2018/9/11,55.888,21.542585,29.294704,259.332581
2018/9/12,58.108002,21.729912,29.343451,268.423584
2018/9/13,57.891998,21.979683,29.245964,257.418701
2018/9/14,59.040001,22.354334,30.0746,253.590912
2018/9/17,58.967999,22.229452,28.953503,257.418701
2018/9/18,56.992001,21.979683,28.076122,232.059601
2018/9/19,59.804001,21.480143,26.126392,230.624191
2018/9/20,59.666,21.480143,25.931421,216.269974
2018/9/21,59.82,20.605951,23.348026,194.738663
2018/9/24,59.936001,20.918163,23.640488,192.346313
2018/9/25,60.198002,21.230373,23.299284,202.394241
2018/9/26,61.916,21.230373,24.12792,210.528305
2018/9/27,61.504002,21.480143,23.737974,215.313019
2018/9/28,52.953999,21.230373,23.981691,199.044937
2018/10/1,62.139999,21.167933,23.884203,205.743561
2018/10/2,60.203999,21.10549,24.859068,205.265091
2018/10/3,58.959999,21.167933,25.3465,193.303268
2018/10/4,56.366001,21.167933,26.272623,197.609512
2018/10/5,52.389999,20.668394,25.3465,185.647675
2018/10/8,50.112,20.855721,25.054041,181.819885
2018/10/9,52.560001,20.605951,24.615353,179.427521
2018/10/10,51.375999,20.855721,23.786716,182.77684
2018/10/11,50.445999,20.918163,24.030432,200.958832
2018/10/12,51.756001,21.230373,24.566608,206.700516
2018/10/15,51.917999,21.167933,25.249014,211.96373
2018/10/16,55.318001,21.10549,27.344975,190.910889
2018/10/17,54.355999,20.543509,26.272623,179.905991
2018/10/18,52.782001,20.543509,28.856018,182.29837
2018/10/19,52,21.10549,28.953503,179.905991
2018/10/22,52.189999,21.230373,28.563557,179.905991
2018/10/23,58.827999,21.792355,28.807272,181.341415
2018/10/24,57.700001,21.792355,30.318316,178.470581
2018/10/25,62.972,21.854797,32.073071,174.164307
2018/10/26,66.18,21.854797,31.780611,172.728912
2018/10/29,66.970001,21.605028,31.195694,173.207382
2018/10/30,65.980003,21.605028,30.220829,178.949051
2018/10/31,67.463997,21.292818,29.392193,178.949051
2018/11/1,68.856003,21.480143,29.392193,182.77684
2018/11/2,69.281998,21.480143,29.050989,169.858063
2018/11/5,68.279999,21.480143,29.050989,157.41774
2018/11/6,68.211998,21.605028,29.245964,172.728912
2018/11/7,69.632004,21.605028,29.440935,173.207382
2018/11/8,70.279999,21.605028,30.367058,181.341415
2018/11/9,70.101997,21.480143,29.245964,188.040054
2018/11/12,66.255997,21.605028,29.684652,190.910889
2018/11/13,67.746002,21.480143,32.609249,206.700516
2018/11/14,68.800003,21.292818,33.291656,206.700516
2018/11/15,69.688004,21.167933,33.632858,190.432419
2018/11/16,70.862,21.230373,31.683128,187.561569
2018/11/19,70.694,21.542585,34.851437,184.212265
2018/11/20,69.498001,21.10549,35.4851,177.992096
2018/11/21,67.638,21.292818,38.994617,182.29837
2018/11/23,65.166,21.480143,38.653416,192.824783
2018/11/26,69.199997,21.480143,36.801167,194.260193
2018/11/27,68.783997,21.10549,36.264996,195.217148
2018/11/28,69.573997,21.167933,36.411224,195.217148
2018/11/29,68.234001,21.355261,35.387615,186.60463
2018/11/30,70.096001,21.230373,34.217773,196.174088
2018/12/3,71.697998,20.980606,33.925316,187.561569
2018/12/4,71.940002,21.230373,35.387615,197.131042
2018/12/6,72.612,21.605028,36.508709,203.351196
2018/12/7,71.594002,21.605028,34.266521,195.695618
2018/12/10,73.029999,21.292818,31.975586,193.303268
2018/12/11,73.351997,21.542585,32.804222,198.087982
2018/12/12,73.32,21.542585,32.950451,197.131042
2018/12/13,75.358002,21.4177,33.242908,194.738663
2018/12/14,73.141998,21.4177,33.827831,175.599731
2018/12/17,69.683998,21.10549,32.657993,175.121262
2018/12/18,67.405998,21.4177,33.827831,175.121262
2018/12/19,66.594002,21.4177,34.315266,176.078201
2018/12/20,63.076,21.355261,32.657993,177.513626
2018/12/21,63.953999,21.4177,33.584114,176.556686
2018/12/24,59.077999,21.4177,32.414272,177.035156
2018/12/26,65.218002,21.355261,33.437881,179.427521
2018/12/27,63.226002,21.4177,33.632858,180.862946
2018/12/28,66.774002,21.542585,33.779087,181.341415
2018/12/31,66.559998,21.480143,34.656467,179.427521
2019/1/2,62.023998,21.542585,35.826302,185.647675
2019/1/3,60.071999,21.542585,35.338871,191.389374
2019/1/4,63.537998,21.605028,34.315266,192.346313
2019/1/7,66.991997,21.605028,34.753956,194.738663
2019/1/8,67.07,21.542585,35.095154,189.475464
2019/1/9,67.706001,21.605028,35.095154,194.260193
2019/1/10,68.994003,21.542585,35.290131,193.781738
2019/1/11,69.452003,21.605028,35.777561,193.303268
2019/1/14,66.879997,21.792355,35.046413,189.475464
2019/1/15,68.886002,21.792355,36.313736,194.260193
2019/1/16,69.209999,21.605028,38.019753,184.690735
2019/1/17,69.461998,21.605028,37.142368,183.73378
2019/1/18,60.452,21.854797,37.191116,193.781738
2019/1/22,59.784,23.041201,36.654938,187.561569
2019/1/23,57.518002,23.228529,36.557453,187.561569
2019/1/24,58.301998,22.853874,37.337345,194.260193
2019/1/25,59.408001,23.166086,36.947399,213.399139
2019/1/28,59.276001,23.103642,35.92379,206.222031
2019/1/29,59.492001,23.103642,35.143898,206.222031
2019/1/30,61.754002,23.166086,35.875046,207.657455
2019/1/31,61.403999,23.228529,37.532318,200.001877
2019/2/1,62.442001,25.538893,36.801167,202.394241
2019/2/4,62.577999,28.036583,37.727295,200.480347
2019/2/5,64.269997,29.722527,37.191116,197.131042
2019/2/6,63.444,29.972294,36.849911,197.131042
2019/2/7,61.501999,29.660082,36.849911,190.432419
2019/2/8,61.16,29.909851,35.387615,197.609512
2019/2/11,62.568001,31.658236,35.777561,192.346313
2019/2/12,62.362,31.283583,35.387615,193.303268
2019/2/13,61.633999,30.846485,35.387615,194.738663
2019/2/14,60.754002,33.71883,35.972534,193.781738
2019/2/15,61.576,32.844639,36.313736,197.131042
2019/2/19,61.127998,32.844639,38.31221,196.652557
2019/2/20,60.512001,32.907082,38.897129,198.566452
2019/2/21,58.245998,32.157772,40.944347,201.915771
2019/2/22,58.942001,32.3451,41.09058,203.351196
2019/2/25,59.754002,32.095329,43.089054,199.523407
2019/2/26,59.571999,32.095329,42.260414,193.781738
2019/2/27,62.948002,33.71883,40.456917,192.824783
2019/2/28,63.976002,34.155926,42.894081,194.260193
2019/3/1,58.958,33.71883,44.648834,197.131042
2019/3/4,57.071999,33.219292,45.428726,196.652557
2019/3/5,55.307999,33.40662,43.868946,196.652557
2019/3/6,55.248001,33.344177,47.085999,216.269974
2019/3/7,55.318001,33.281734,47.963383,211.485245
2019/3/8,56.827999,32.844639,49.81562,219.140808
2019/3/11,58.183998,32.282658,45.379986,218.662338
2019/3/12,56.672001,32.032887,46.744797,212.4422
2019/3/13,57.792,31.470909,45.721188,208.61441
2019/3/14,57.992001,31.033812,45.185013,203.829666
2019/3/15,55.085999,32.469982,45.867416,207.178986
2019/3/18,53.897999,33.031967,46.793541,209.09288
2019/3/19,53.493999,33.031967,47.329712,209.57135
2019/3/20,54.720001,29.784966,46.939774,215.791504
2019/3/21,54.804001,26.850178,50.693001,227.274872
2019/3/22,52.905998,28.099026,52.447758,222.490128
2019/3/25,52.084,27.224833,49.32819,232.538086
2019/3/26,53.554001,28.099026,49.718136,228.231812
2019/3/27,54.966,28.723448,50.303055,231.102661
2019/3/28,55.723999,28.910774,47.475948,224.882492
2019/3/29,55.972,29.222986,44.258888,214.356094
2019/4/1,57.835999,29.972294,45.331242,217.226913
2019/4/2,57.175999,30.846485,45.331242,211.96373
2019/4/3,58.362,29.972294,45.721188,214.356094
2019/4/4,53.556,30.346949,42.699104,212.92067
2019/4/5,54.992001,29.722527,46.306107,208.135925
2019/4/8,54.639999,29.972294,47.475948,204.786621
2019/4/9,54.462002,29.098101,44.941292,195.217148
2019/4/10,55.212002,29.347872,44.161404,195.695618
2019/4/11,53.683998,29.472755,43.868946,199.044937
2019/4/12,53.540001,29.410313,42.406647,209.09288
2019/4/15,53.276001,29.660082,45.623699,212.92067
2019/4/16,54.672001,29.660082,43.868946,209.09288
2019/4/17,54.245998,29.722527,39.579533,203.829666
2019/4/18,54.652,30.596716,37.191116,204.786621
2019/4/22,52.549999,32.469982,37.044888,214.356094
2019/4/23,52.779999,31.470909,35.143898,209.09288
2019/4/24,51.731998,30.534273,31.926844,202.872726
2019/4/25,49.526001,31.22114,30.464544,204.308136
2019/4/26,47.028,31.783121,29.050989,207.178986
2019/4/29,48.293999,31.470909,29.587166,217.226913
2019/4/30,47.737999,30.908928,30.757004,210.528305
2019/5/1,46.801998,30.097178,31.195694,216.748444
2019/5/2,48.82,30.346949,31.878099,218.662338
2019/5/3,51.006001,30.971371,31.244436,214.748917
2019/5/6,51.068001,30.846485,31.731867,206.432907
2019/5/7,49.411999,30.596716,31.829357,204.965378
2019/5/8,48.967999,30.7216,30.757004,200.073593
2019/5/9,48.396,30.908928,33.242908,205.454544
2019/5/10,47.903999,30.596716,36.557453,207.411255
2019/5/13,45.402,30.034737,36.801167,206.922073
2019/5/14,46.462002,30.15962,36.411224,203.008667
2019/5/15,46.389999,30.409389,35.582588,202.519485
2019/5/16,45.666,30.471832,36.021278,206.922073
2019/5/17,42.206001,30.034737,35.241386,206.922073
2019/5/20,41.071999,30.15962,38.360954,209.367966
2019/5/21,41.015999,30.471832,37.727295,219.15152
2019/5/22,38.546001,30.471832,37.239861,224.043289
2019/5/23,39.098,30.908928,38.117237,224.043289
2019/5/24,38.125999,30.659161,37.532318,218.173157
2019/5/28,37.740002,30.7216,37.776035,222.57576
2019/5/29,37.972,30.7216,38.555927,221.108231
2019/5/30,37.644001,30.7216,38.360954,221.597412
2019/5/31,37.032001,30.596716,42.16293,225.021652
2019/6/3,35.793999,30.346949,42.065445,224.043289
2019/6/4,38.720001,30.409389,40.603146,217.68399
2019/6/5,39.318001,30.284506,40.505661,222.086578
2019/6/6,41.189999,30.534273,40.65189,220.619049
2019/6/7,40.900002,30.971371,39.384563,218.173157
2019/6/10,42.576,30.846485,37.301247,217.194809
2019/6/11,43.419998,30.784042,38.342907,221.597412
2019/6/12,41.852001,30.846485,39.384563,224.532471
2019/6/13,42.782001,30.784042,39.285355,229.42424
2019/6/14,42.984001,30.846485,39.18615,230.402603
2019/6/17,45.006001,30.7216,39.334961,226.489182
2019/6/18,44.948002,30.784042,38.938137,223.064941
2019/6/19,45.285999,30.534273,39.483768,218.662338
2019/6/20,43.924,30.596716,40.674232,221.108231
2019/6/21,44.372002,30.7216,41.368671,243.121216
2019/6/24,44.728001,31.158697,41.418274,243.610397
2019/6/25,43.952,31.22114,44.642452,259.264069
2019/6/26,43.854,31.346024,44.047218,259.753235
2019/6/27,44.568001,31.158697,43.898411,262.199127
2019/6/28,44.692001,30.846485,43.451984,254.372299
2019/7/1,45.433998,30.971371,41.666286,246.056274
2019/7/2,44.91,31.096254,42.162315,250.948059
2019/7/3,46.98,31.158697,40.525425,250.948059
2019/7/5,46.619999,31.158697,39.682178,230.402603
2019/7/8,46.068001,31.22114,37.946083,207.411255
2019/7/9,46.012001,31.096254,39.434166,207.411255
2019/7/10,47.784,31.22114,37.896481,198.606064
2019/7/11,47.720001,31.720678,39.483768,200.073593
2019/7/12,49.015999,31.720678,40.227806,210.346329
2019/7/15,50.700001,32.032887,39.880589,210.346329
2019/7/16,50.476002,31.908007,40.773438,210.346329
2019/7/17,50.972,31.970448,41.517479,210.835495
2019/7/18,50.708,32.220215,41.269463,210.346329
2019/7/19,51.636002,32.469982,41.120659,213.281387
2019/7/22,51.136002,32.844639,40.971848,219.15152
2019/7/23,52.034,36.029194,41.319069,217.194809
2019/7/24,52.976002,38.214676,41.765491,226.978363
2019/7/25,45.764,36.903389,41.368671,223.554123
2019/7/26,45.608002,37.153156,38.690125,219.15152
2019/7/29,47.153999,37.590252,38.590919,225.510818
2019/7/30,48.452,38.08979,38.690125,230.891785
2019/7/31,48.321999,38.464443,39.533367,232.359314
2019/8/1,46.77,38.402,39.979794,231.870132
2019/8/2,46.868,38.714214,41.170261,232.84848
2019/8/5,45.664001,39.650845,40.42622,232.84848
2019/8/6,46.150002,40.212826,41.666286,234.805191
2019/8/7,46.683998,42.960289,42.45993,235.783554
2019/8/8,47.66,43.272499,41.765491,231.870132
2019/8/9,47.001999,44.084248,41.219864,234.805191
2019/8/12,45.801998,45.895077,41.02145,237.251083
2019/8/13,47,45.832634,43.451984,232.84848
2019/8/14,43.924,47.393688,46.924175,227.956711
2019/8/15,43.127998,49.953823,48.412258,227.956711
2019/8/16,43.987999,49.953823,49.453915,235.294373
2019/8/19,45.366001,52.826168,49.503521,251.437225
2019/8/20,45.172001,51.889534,49.1563,253.393936
2019/8/21,44.166,49.704056,50.098751,256.32901
2019/8/22,44.43,45.083324,49.801136,250.458878
2019/8/23,42.279999,46.207287,49.404312,244.588745
2019/8/26,43,46.58194,49.602722,243.121216
2019/8/27,42.816002,46.58194,50.197956,244.588745
2019/8/28,43.118,50.141151,48.957886,246.056274
2019/8/29,44.341999,50.703129,49.801136,250.948059
2019/8/30,45.122002,49.828938,49.999546,248.502167
2019/9/3,45.001999,50.078709,49.999546,254.861481
2019/9/4,44.136002,50.203594,51.58683,255.350647
2019/9/5,45.916,50.328476,48.610668,257.796539
2019/9/6,45.490002,50.390923,48.610668,252.90477
2019/9/9,46.358002,50.016266,50.594776,271.004333
2019/9/10,47.108002,50.890457,51.487629,271.004333
2019/9/11,49.419998,51.764648,50.495575,271.004333
2019/9/12,49.174,51.827091,50.79319,270.515167
2019/9/13,49.040001,50.453362,50.892395,273.939392
2019/9/16,48.562,48.892303,50.495575,268.558441
2019/9/17,48.958,49.704056,55.455845,270.02597
2019/9/18,48.698002,49.704056,54.860611,266.112549
2019/9/19,49.32,50.390923,57.241543,269.047607
2019/9/20,48.124001,49.017189,56.15028,269.536804
2019/9/23,48.245998,48.829861,56.051079,270.515167
2019/9/24,44.641998,48.018112,56.051079,268.069275
2019/9/25,45.740002,48.018112,55.654255,271.4935
2019/9/26,48.512001,47.955669,54.95982,261.709961
2019/9/27,48.425999,47.768345,53.769352,254.372299
2019/9/30,48.174,48.330326,54.265381,257.307373
2019/10/1,48.938,49.704056,54.761406,264.64502
2019/10/2,48.625999,49.329399,53.372528,266.601746
2019/10/3,46.605999,49.266956,54.463791,260.242432
2019/10/4,46.285999,48.642532,53.174118,263.17749
2019/10/7,47.543999,48.330326,52.281269,261.220795
2019/10/8,48.009998,49.079632,54.562996,260.242432
2019/10/9,48.905998,48.267883,53.570942,261.709961
2019/10/10,48.948002,52.201744,52.578888,256.32901
2019/10/11,49.577999,57.0098,52.975708,260.731598
2019/10/14,51.391998,56.760033,54.066967,264.155853
2019/10/15,51.577999,54.32478,53.570942,266.112549
2019/10/16,51.950001,52.201744,52.380474,265.134216
2019/10/17,52.394001,53.263264,50.9916,265.134216
2019/10/18,51.389999,51.889534,50.495575,267.090912
2019/10/21,50.700001,51.889534,50.297161,261.220795
2019/10/22,51.116001,52.888611,50.79319,272.471863
2019/10/23,50.936001,52.201744,50.79319,263.17749
2019/10/24,59.936001,52.701283,51.785244,261.709961
2019/10/25,65.625999,51.327553,50.79319,260.731598
2019/10/28,65.542,50.9529,48.213844,252.90477
2019/10/29,63.243999,51.077785,49.801136,254.861481
2019/10/30,63.001999,51.077785,49.999546,248.012985
2019/10/31,62.984001,51.202667,49.503521,250.458878
2019/11/1,62.661999,49.89138,50.297161,244.588745
2019/11/4,63.493999,49.953823,49.801136,239.207794
2019/11/5,63.444,49.57917,48.114643,238.718613
2019/11/6,65.316002,48.704975,48.561066,233.826843
2019/11/7,67.108002,48.205441,48.015438,236.761902
2019/11/8,67.428001,47.830788,47.469803,234.805191
2019/11/11,69.017998,47.581017,48.75948,238.229446
2019/11/12,69.986,47.643459,49.205898,239.207794
2019/11/13,69.222,47.456131,48.809082,236.761902
2019/11/14,69.870003,47.456131,48.313053,238.229446
2019/11/15,70.433998,48.704975,48.610668,239.696976
2019/11/18,69.998001,48.330326,47.22179,239.696976
2019/11/19,71.903999,47.393688,47.122585,237.251083
2019/11/20,70.444,47.393688,47.569012,238.718613
2019/11/21,70.966003,47.206364,46.82497,238.229446
2019/11/22,66.608002,47.268803,46.676163,242.632034
2019/11/25,67.267998,46.89415,45.535301,235.783554
2019/11/26,65.783997,47.081478,45.584904,235.783554
2019/11/27,66.258003,47.643459,47.519409,239.696976
2019/11/29,65.987999,47.830788,46.279343,237.740265
2019/12/2,66.973999,47.643459,44.196026,235.783554
2019/12/3,67.239998,48.142998,45.039272,233.337662
2019/12/4,66.606003,47.518574,44.79126,228.445892
2019/12/5,66.073997,47.518551,45.039272,241.653687
2019/12/6,67.178001,47.518551,46.378548,245.077927
2019/12/9,67.905998,47.518551,49.602722,249.969696
2019/12/10,69.767998,47.518551,49.801136,247.523819
2019/12/11,70.540001,47.518551,49.503521,253.883118
2019/12/12,71.935997,47.518551,49.453915,249.48053
2019/12/13,71.678001,47.518551,49.801136,252.90477
2019/12/16,76.300003,48.912037,49.404312,254.372299
2019/12/17,75.797997,44.020832,44.493641,233.337662
2019/12/18,78.629997,45.87949,43.451984,233.337662
2019/12/19,80.807999,45.243633,42.410328,224.043289
2019/12/20,81.117996,45.488194,44.146423,232.359314
2019/12/23,83.844002,45.243633,43.451984,229.42424
2019/12/24,85.050003,45.047985,45.634506,239.207794
2019/12/26,86.188004,45.047985,44.295235,236.272736
2019/12/27,86.075996,44.46104,42.559139,238.718613
2019/12/30,82.940002,48.863125,44.692051,249.48053
2019/12/31,83.666,52.825001,46.62656,243.610397
2020/1/2,86.052002,51.94458,47.122585,236.761902
2020/1/3,88.601997,53.99889,47.320999,235.783554
2020/1/6,90.307999,53.509769,46.62656,230.891785
2020/1/7,93.811996,52.433701,46.725765,234.316025
2020/1/8,98.428001,52.727177,48.164242,232.84848
2020/1/9,96.267998,52.531528,50.396366,233.337662
2020/1/10,95.629997,52.922821,55.35664,228.935074
2020/1/13,104.972,53.411942,56.447899,230.891785
2020/1/14,107.584,56.346664,54.860611,226.978363
2020/1/15,103.699997,59.183563,54.761406,225.021652
2020/1/16,102.697998,56.444492,52.578888,219.15152
2020/1/17,102.099998,55.270599,55.55505,217.194809
2020/1/21,109.440002,57.324905,55.059021,226
2020/1/22,113.912003,56.640141,55.75346,224.043289
2020/1/23,114.440002,57.129261,55.654255,224.532471
2020/1/24,112.963997,56.640141,56.943928,229.913422
2020/1/27,111.603996,53.705418,54.562996,217.194809
2020/1/28,113.379997,51.748936,55.55505,214.25975
2020/1/29,116.197998,50.966339,53.769352,209.367966
2020/1/30,128.162003,47.004467,48.610668,189.800873
2020/1/31,130.113998,45.732754,46.328945,181.97403
2020/2/3,156,41.868702,43.352779,177.571426
2020/2/4,177.412003,38.15139,44.344833,180.995667
2020/2/5,146.940002,37.66227,47.22179,173.658005
2020/2/6,149.792007,33.896042,42.509533,156.536804
2020/2/7,149.613998,35.99926,42.65834,166.320343
2020/2/10,154.255997,35.021019,38.392509,152.623383
2020/2/11,154.876007,36.145996,39.384563,164.363632
2020/2/12,153.457993,37.222057,43.303181,175.125549
2020/2/13,160.800003,37.026409,46.62656,178.549789
2020/2/14,160.005997,40.694813,49.999546,176.103897
2020/2/18,171.679993,44.754513,51.983654,182.952377
2020/2/19,183.483994,45.096897,54.562996,179.528137
2020/2/20,179.882004,45.87949,53.372528,183.441559
2020/2/21,180.199997,46.026226,53.868557,189.800873
2020/2/24,166.757996,46.36861,52.975708,200.562775
2020/2/25,159.981995,46.417522,52.975708,206.432907
2020/2/26,155.759995,46.172962,51.58683,211.324677
2020/2/27,135.800003,49.69463,53.273327,217.194809
2020/2/28,133.598007,48.520741,56.051079,216.705627
2020/3/2,148.723999,49.401157,61.606579,226.489182
2020/3/3,149.102005,49.498978,61.606579,231.380951
2020/3/4,149.899994,49.401157,64.483543,232.84848
2020/3/5,144.908005,49.303333,63.987514,238.229446
2020/3/6,140.695999,49.988098,65.177979,239.696976
2020/3/9,121.599998,49.401157,64.086716,231.380951
2020/3/10,129.065994,49.401157,64.880363,235.783554
2020/3/11,126.846001,48.716389,67.558907,232.359314
2020/3/12,112.110001,48.765297,66.963676,223.064941
2020/3/13,109.323997,50.770695,67.062881,230.402603
2020/3/16,89.014,55.368423,69.939842,232.84848
2020/3/17,86.040001,54.781479,71.427917,232.84848
2020/3/18,72.244003,56.24884,70.73349,237.251083
2020/3/19,85.528,59.868332,69.939842,229.42424
2020/3/20,85.505997,63.879124,69.245407,228.445892
2020/3/23,86.858002,61.531342,69.046989,223.554123
2020/3/24,101,67.596436,68.947784,225.021652
2020/3/25,107.849998,74.346298,70.73349,217.68399
2020/3/26,105.632004,69.455093,74.602493,213.281387
2020/3/27,102.872002,72.389816,71.229515,215.72728
2020/3/30,100.426003,72.683289,72.221565,216.705627
2020/3/31,104.800003,68.183372,69.939842,212.792206
2020/4/1,96.311996,66.52037,69.344612,211.324677
2020/4/2,90.893997,69.161613,62.499432,216.216446
2020/4/3,96.001999,70.433334,58.035187,218.662338
2020/4/6,103.248001,70.726807,57.340748,219.640701
2020/4/7,109.089996,72.585457,58.233597,228.935074
2020/4/8,109.767998,69.944214,53.670143,219.15152
2020/4/9,114.599998,70.33551,54.265381,224.532471
2020/4/13,130.190002,70.628975,55.75346,224.043289
2020/4/14,141.977997,72.194168,55.55505,223.064941
2020/4/15,145.966003,73.759354,54.562996,224.043289
2020/4/16,149.042007,79.726616,55.55505,226
2020/4/17,150.778,81.780922,59.820885,227.5
2020/4/20,149.272003,79.628799,59.225651,223.5
2020/4/21,137.343994,81.389626,58.928036,229
2020/4/22,146.421997,83.150459,58.630417,233
2020/4/23,141.126007,82.661339,59.92009,229
2020/4/24,145.029999,82.465698,59.027241,231
2020/4/27,159.75,85.106941,58.928036,224
2020/4/28,153.824005,83.150459,64.781158,227
2020/4/29,160.102005,77.672318,65.376389,220.5
2020/4/30,156.376007,79.33532,64.880363,216.5
2020/5/1,140.264008,79.041855,62.797047,216.5
2020/5/4,152.238007,81.976578,65.971619,221
2020/5/5,153.641998,82.563522,67.261299,220.5
2020/5/6,156.516006,82.172218,68.848579,219.5
2020/5/7,156.007996,82.759163,69.046989,217
2020/5/8,163.884003,86.183006,71.92395,220.5
2020/5/11,162.257996,84.42218,69.939842,242.5
2020/5/12,161.882004,83.737404,71.527122,242.5
2020/5/13,158.192001,82.563522,71.527122,260
2020/5/14,160.666,82.563522,78.669922,252.5
2020/5/15,159.834,83.248283,77.777069,253.5
2020/5/18,162.725998,83.835228,81.24926,259
2020/5/19,161.602005,86.28083,83.630196,284.5
2020/5/20,163.112,85.596062,85.812714,312.5
2020/5/21,165.520004,83.835228,84.721451,321.5
2020/5/22,163.376007,84.226524,87.399994,323.5
2020/5/26,163.774002,82.661339,86.099998,322
2020/5/27,164.046005,78.063614,82.699997,306.5
2020/5/28,161.162003,77.281021,82.699997,311
2020/5/29,167,74.444115,79,317.5
2020/6/1,179.619995,75.128891,80.5,299
2020/6/2,176.311996,75.52018,81.800003,290
2020/6/3,176.591995,75.911476,79.800003,284
2020/6/4,172.876007,75.911476,81.699997,291.5
2020/6/5,177.132004,75.715836,89.800003,298.5
2020/6/8,189.983994,76.107132,96.5,305.5
2020/6/9,188.134003,75.618011,96,309.5
2020/6/10,205.009995,73.074577,92.300003,299
2020/6/11,194.567993,72.194168,94.400002,307
2020/6/12,187.056,71.118095,96.099998,289
2020/6/15,198.179993,75.128891,94.599998,292
2020/6/16,196.425995,76.204956,100,291
2020/6/17,198.358002,76.498421,100,292.5
2020/6/18,200.792007,76.204956,101.5,304.5
2020/6/19,200.179993,77.770142,111.5,315.5
2020/6/22,198.863998,76.889717,116,313
2020/6/23,200.356003,76.107132,118.5,302.5
2020/6/24,192.169998,77.378838,113.5,306.5
2020/6/25,197.195999,76.596252,120,301
2020/6/26,191.947998,75.128891,117.5,301.5
2020/6/29,201.869995,75.128891,129,294
2020/6/30,215.962006,80.020096,131,292
2020/7/1,223.925995,77.281021,144,301.5
2020/7/2,241.731995,75.52018,138.5,301
2020/7/6,274.31601,75.324539,138.5,300.5
2020/7/7,277.971985,72.487633,142,296
2020/7/8,273.175995,69.552917,128,267.5
2020/7/9,278.855988,71.020279,140.5,277.5
2020/7/10,308.929993,73.172409,132,283.5
2020/7/13,299.411987,74.248474,129,288.5
2020/7/14,303.359985,74.346298,131,289
2020/7/15,309.201996,73.954994,129,283.5
2020/7/16,300.127991,75.226715,123,271.5
2020/7/17,300.167999,75.128891,120.5,264.5
2020/7/20,328.600006,75.226715,132.5,272
2020/7/21,313.671997,76.107132,131,268.5
2020/7/22,318.466003,77.085373,138,268
2020/7/23,302.614014,76.30278,136.5,271.5
2020/7/24,283.399994,73.368057,126.5,261.5
2020/7/27,307.920013,74.052818,128,265.5
2020/7/28,295.298004,77.085373,132,258
2020/7/29,299.821991,76.107132,126,257
2020/7/30,297.497986,73.954994,123,259
2020/7/31,286.152008,74.639771,125.5,268.5
2020/8/3,297,76.596252,129.5,266.5
2020/8/4,297.399994,76.107132,133,269
2020/8/5,297.003998,76.204956,136,264.5
2020/8/6,297.915985,77.378838,134.5,261
2020/8/7,290.541992,79.237495,130,266
2020/8/10,283.713989,77.476662,127,257.5
2020/8/11,274.877991,76.498421,128,267
2020/8/12,310.951996,73.954994,119.5,258.5
2020/8/13,324.200012,71.215927,113,258
2020/8/14,330.141998,73.368057,120.5,265
2020/8/17,367.127991,73.857178,116,257
2020/8/18,377.417999,74.737595,118,260
2020/8/19,375.705994,75.81366,119.5,260.5
2020/8/20,400.365997,77.183197,121.5,271
2020/8/21,409.996002,76.987541,121.5,272
2020/8/24,402.839996,77.281021,127,272
2020/8/25,404.667999,77.770142,124.5,269.5
2020/8/26,430.634003,77.085373,123,278
2020/8/27,447.75,77.476662,127.5,272.5
2020/8/28,442.679993,75.52018,128,276
2020/8/31,498.320007,74.346298,124.5,264.5
2020/9/1,475.049988,75.031059,126.5,263
2020/9/2,447.369995,74.541939,130,268
2020/9/3,407,74.835419,125.5,270.5
2020/9/4,418.320007,73.66153,121.5,267
2020/9/8,330.209991,73.759354,121,269
2020/9/9,366.279999,74.15065,119,265
2020/9/10,371.339996,73.857178,121,267
2020/9/11,372.720001,73.759354,111,262
2020/9/14,419.619995,73.172409,114.5,260
2020/9/15,449.76001,73.465874,115.5,259
2020/9/16,441.76001,74.248474,116.5,253
2020/9/17,423.429993,75.52018,118,257
2020/9/18,442.149994,77.574493,125.5,265.5
2020/9/21,449.390015,76.987541,127.5,267
2020/9/22,424.230011,78.846199,126.5,266
2020/9/23,380.359985,81.878746,125.5,292.5
2020/9/24,387.790009,83.93306,131,290
2020/9/25,407.339996,85.79171,130,294
2020/9/28,421.200012,84.813469,133,303
2020/9/29,419.070007,85.889542,133.5,322
2020/9/30,429.01001,87.063423,134.5,344
2020/10/1,448.160004,87.94384,144,335.5
2020/10/2,415.089996,96.356712,140.5,343
2020/10/5,425.679993,105.650002,136.5,339
2020/10/6,413.980011,104.671761,138,339.5
2020/10/7,425.299988,104.18264,139,340
2020/10/8,425.920013,104.671761,152.5,338
2020/10/9,434,107.606483,150,331
2020/10/12,442.299988,103.69352,165,334
2020/10/13,446.649994,104.18264,171,329.5
2020/10/14,461.299988,106.628242,181,330
2020/10/15,448.880005,107.117363,175,329.5
2020/10/16,439.670013,107.606483,177.5,325
2020/10/19,430.829987,109.562958,172,321
2020/10/20,421.940002,106.139122,169.5,317
2020/10/21,422.640015,109.562958,172.5,326
2020/10/22,425.790009,110.052078,180,316
2020/10/23,420.630005,107.606483,177,347.5
2020/10/26,420.279999,101.247917,178,340.5
2020/10/27,424.679993,101.737038,173.5,322.5
2020/10/28,406.019989,105.650002,186,319
2020/10/29,410.829987,104.18264,174.5,320.5
2020/10/30,388.040009,106.139122,176.5,325
2020/11/2,400.51001,104.671761,176.5,328
2020/11/3,423.899994,105.650002,173,321
2020/11/4,420.980011,106.5,177,323
2020/11/5,438.089996,102.5,170,309.5
2020/11/6,429.950012,102,176.5,314.5
2020/11/9,421.26001,102.5,171.5,313.5
2020/11/10,410.359985,102.5,168.5,319
2020/11/11,417.130005,107.5,173.5,323
2020/11/12,411.76001,105.5,175,330
2020/11/13,408.5,101.5,178,336
2020/11/16,408.089996,102.5,182,339
2020/11/17,441.609985,102,200,372.5
2020/11/18,486.640015,99,209,399.5
2020/11/19,499.269989,104,205.5,373.5
2020/11/20,489.609985,99.199997,212.5,385.5
2020/11/23,521.849976,97.5,216,388
2020/11/24,555.380005,98.5,221,401.5
2020/11/25,574,94.699997,222,398
2020/11/27,585.76001,91.900002,220,437.5
2020/11/30,567.599976,89.599998,224,423.5
2020/12/1,584.76001,87.400002,219,407
2020/12/2,568.820007,86.300003,223,407
2020/12/3,593.380005,87.800003,221,413
2020/12/4,599.039978,85,216.5,399
2020/12/7,641.76001,85.300003,230.5,410
2020/12/8,649.880005,87.800003,253.5,413.5
2020/12/9,604.47998,87.300003,233.5,411.5
2020/12/10,627.070007,88.199997,238,400
2020/12/11,609.98999,88.300003,248,417
2020/12/14,639.830017,87.5,236,415
2020/12/15,633.25,87.300003,226,395
2020/12/16,622.77002,85.400002,233,408
2020/12/17,655.900024,85.400002,246,417
2020/12/18,695,87.099998,243.5,417
2020/12/21,649.859985,87.599998,254,406
2020/12/22,640.340027,86,265,397.5
2020/12/23,645.97998,88,286.5,421
2020/12/24,661.77002,92,288,426.5
2020/12/28,663.690002,91.400002,290,436.5
2020/12/29,665.98999,93.199997,294.5,480
2020/12/30,694.780029,92.599998,286,461
2020/12/31,705.669983,91.5,295,478.5
2021/1/4,729.77002,91.699997,306,475
2021/1/5,735.109985,90.199997,299,449
2021/1/6,755.97998,88.099998,291,430
2021/1/7,816.039978,89,280.5,427
2021/1/8,880.02002,87.699997,278.5,420
2021/1/11,811.190002,87.800003,295,405
2021/1/12,849.440002,91.599998,279.5,395
2021/1/13,854.409973,90.5,273.5,399.5
2021/1/14,845,95,283.5,396.5
2021/1/15,826.159973,95.199997,293,420
2021/1/19,844.549988,,,
2021/1/20,850.450012,,,
2021/1/21,844.98999,,,
2021/1/22,846.640015,,,
2021/1/25,880.799988,,,
2021/1/26,883.090027,,,
2021/1/27,864.159973,,,
2021/1/28,835.429993,,,
2021/1/29,793.530029,,,
2021/2/1,839.809998,,,
2021/2/2,872.789978,,,
2021/2/3,854.690002,,,
2021/2/4,849.98999,,,
2021/2/5,852.22998,,,
2021/2/8,863.419983,,,
2021/2/9,849.460022,,,
2021/2/10,804.820007,,,
2021/2/11,811.659973,,,
2021/2/12,816.119995,,,
2021/2/16,796.219971,,,
2021/2/17,798.150024,,,
2021/2/18,787.380005,,,
2021/2/19,781.299988,,,
2021/2/22,714.5,,,
2021/2/23,698.840027,,,
2021/2/24,742.02002,,,
2021/2/25,682.219971,,,
2021/2/26,675.5,,,
2021/3/1,718.429993,,,
2021/3/2,686.440002,,,
2021/3/3,653.200012,,,
2021/3/4,621.440002,,,
2021/3/5,597.950012,,,
2021/3/8,563,,,
2021/3/9,673.580017,,,
2021/3/10,668.059998,,,
2021/3/11,699.599976,,,
